created_utc;edited;id;is_self;locked;name;num_comments;over_18;permalink;score;selftext;spoiler;title;url
1553452873.0;False;b4zsi9;False;False;t3_b4zsi9;3;False;/r/facebook/comments/b4zsi9/buying_food_off_facebook_marketplace/;1;;False;Buying Food off Facebook Marketplace;https://www.youtube.com/watch?v=6ukemQ3BtPM
1553398733.0;False;b4s11h;False;False;t3_b4s11h;0;False;/r/facebook/comments/b4s11h/gimme_yer_contacts/;8;;False;gimme yer contacts;https://i.redd.it/hu2evd2o3xn21.png
1553400391.0;False;b4s9jo;False;False;t3_b4s9jo;1;False;/r/facebook/comments/b4s9jo/survey_im_doing_in_partnership_with_a_social/;1;;False;Survey I'm doing in partnership with a social media tech company, please take for an Amazon $25 survey;https://forms.gle/tdS4WD589FaZp6P59
1553341607.0;False;b4iajm;False;False;t3_b4iajm;1;False;/r/facebook/comments/b4iajm/facebook_seeking_counsel_to_create_blockchain/;9;;False;Facebook Seeking Counsel To Create Blockchain Partnerships For Upcoming Products;http://coinbeat.online/facebook-seeking-counsel-to-create-blockchain
1553352359.0;False;b4jx7g;False;False;t3_b4jx7g;0;False;/r/facebook/comments/b4jx7g/facebooks_at_it_again_internal_emails_show_it/;3;;False;Facebook's at it again: Internal emails show it knew about Cambridge Analytica abuse 'months' before news broke;https://www.theregister.co.uk/2019/03/22/facebooks_cambridge_analytica/
1553353274.0;False;b4k30h;False;False;t3_b4k30h;6;False;/r/facebook/comments/b4k30h/anyone_know_how_this_is_done_couldnt_find/;3;;False;Anyone know how this is done couldn't find anything online. (Also not my screenshot);https://i.redd.it/4iactlbavvn21.jpg
1553253289.0;False;b43tk8;False;False;t3_b43tk8;0;False;/r/facebook/comments/b43tk8/facebook_commits_to_commercial_blockchain/;7;;False;Facebook Commits to Commercial Blockchain Application;https://beincrypto.com/facebook-commits-to-commercial-blockchain-application-looks-to-expand-team/?utm_source=reddit&utm_medium=social&utm_campaign=FB&utm_content=crls
1553286885.0;False;b4a3in;False;False;t3_b4a3in;2;False;/r/facebook/comments/b4a3in/the_death_of_facebook/;0;;False;The Death of Facebook;https://www.blockdelta.io/the-death-of-facebook/
1553240643.0;False;b426lu;False;False;t3_b426lu;13;False;/r/facebook/comments/b426lu/facebook_is_not_a_monopoly_but_it_should_be/;2;;False;Facebook Is Not a Monopoly, but It Should Be Broken Up;https://www.wired.com/story/facebook-not-monopoly-but-should-broken-up/
1553181638.0;False;b3rruv;False;False;t3_b3rruv;1;False;/r/facebook/comments/b3rruv/facebook_stored_hundreds_of_millions_of_user/;29;;False;Facebook Stored Hundreds of Millions of User Passwords in Plain Text for Years;https://krebsonsecurity.com/2019/03/facebook-stored-hundreds-of-millions-of-user-passwords-in-plain-text-for-years/
1553222416.0;False;b3zmqc;False;False;t3_b3zmqc;7;False;/r/facebook/comments/b3zmqc/you_unlock_night_mode_in_messenger_by_sending_a/;0;;False;You unlock night mode in messenger by sending a moon emoji;https://imgur.com/TrR3ejc.jpg
1553206256.0;False;b3ws2v;False;False;t3_b3ws2v;0;False;/r/facebook/comments/b3ws2v/selling_to_facebook_didnt_hurt_industry/;2;;False;‚ÄúSelling to Facebook Didn‚Äôt Hurt Industry Competition‚Äù, Instagram founders Say;https://instazood.com/selling-to-facebook-didnt-hurt-industry-competition-instagram-founders-say/
1553167792.0;False;b3pequ;False;False;t3_b3pequ;1;False;/r/facebook/comments/b3pequ/posting_this_here_since_some_of_you_might_be/;1;;False;Posting this here since some of you might be interested: I created a subreddit where marketers and businesses can directly meet influencers, content creators, YouTubers, and others to buy/sell adspace. Any constructive feedback is appreciated.;https://www.reddit.com/r/AdspaceMarket
1553159195.0;False;b3oaxh;False;False;t3_b3oaxh;1;False;/r/facebook/comments/b3oaxh/facebook_limits_ad_targeting_to_stop/;1;;False;Facebook Limits Ad Targeting to Stop Discrimination;https://www.techretox.com/articles/facebook-limits-ad-targeting-to-stop-discrimination
1553122505.0;False;b3ircd;False;False;t3_b3ircd;2;False;/r/facebook/comments/b3ircd/facebook_new_zealand_shooter_livestream_not/;6;;False;Facebook: New Zealand shooter livestream not reported during massacre;https://news.google.com/articles/CAIiEOfkO_hSuwx6_g843Kwac2QqGQgEKhAIACoHCAowjsP7CjCSpPQCMMGg0wU?hl=en-US&gl=US&ceid=US%3Aen
1553149670.0;False;b3n6sl;False;False;t3_b3n6sl;1;False;/r/facebook/comments/b3n6sl/messenger_adds_reply_feature_exactly_like_whatsapp/;1;;False;"Messenger adds ""Reply"" feature exactly like WhatsApp.";https://i.redd.it/xk8c6b8v1fn21.png
1553100838.0;False;b3eebw;False;False;t3_b3eebw;0;False;/r/facebook/comments/b3eebw/is_big_tech_merging_with_big_brother_kinda_looks/;4;;False;Is Big Tech Merging With Big Brother? Kinda Looks Like It;https://www.wired.com/story/is-big-tech-merging-with-big-brother-kinda-looks-like-it/
1553073362.0;False;b39t48;False;False;t3_b39t48;0;False;/r/facebook/comments/b39t48/facebook_agrees_advertising_policy_reforms_to/;1;;False;Facebook agrees advertising policy reforms to settle US lawsuits;https://wnobserver.com/america/facebook-agrees-advertising-policy-reforms-to-settle-us-lawsuits
1553014715.0;False;b2zvdh;False;False;t3_b2zvdh;10;False;/r/facebook/comments/b2zvdh/facebook_says_no_one_flagged_nz_mosque_shooting/;7;;False;Facebook says no one flagged NZ mosque shooting livestream;https://www.apnews.com/fa25b8ec26fd4fac82ae411a05f21f5d
1553022327.0;False;b31euj;False;False;t3_b31euj;1;False;/r/facebook/comments/b31euj/the_suspicious_relationship_between_facebook_and/;1;;False;The Suspicious relationship between FACEBOOK And The CIA;https://youtu.be/d4Wk_EPwoRY
1553021275.0;False;b3173x;False;False;t3_b3173x;1;False;/r/facebook/comments/b3173x/facebook_ends_targeted_ad_program_for_housing/;1;;False;Facebook Ends Targeted Ad Program for Housing;https://nationalmortgageprofessional.com/news/70376/facebook-ends-targeted-program-housing
1553015390.0;False;b300gf;False;False;t3_b300gf;1;False;/r/facebook/comments/b300gf/one_year_in_facebooks_big_algorithm_change_has/;1;;False;One year in, Facebook‚Äôs big algorithm change has spurred an angry, Fox News-dominated ‚Äî and very engaged! ‚Äî News Feed;http://www.niemanlab.org/2019/03/one-year-in-facebooks-big-algorithm-change-has-spurred-an-angry-fox-news-dominated-and-very-engaged-news-feed/
1553014814.0;False;b2zw2q;False;False;t3_b2zw2q;1;False;/r/facebook/comments/b2zw2q/fckedbook/;0;;False;F*ckedbook;https://500ish.com/f-ckedbook-d051939e6965
1552847446.0;False;b289if;False;False;t3_b289if;2;False;/r/facebook/comments/b289if/facebook_removed_15_million_videos_of_new_zealand/;44;;False;Facebook removed 1.5 million videos of New Zealand attack within 24 hours;https://www.usatoday.com/story/news/nation/2019/03/17/new-zealand-mosque-shootings-facebook-removed-1-5-million-videos/3193970002/
1552753740.0;False;b1u9g9;False;False;t3_b1u9g9;4;False;/r/facebook/comments/b1u9g9/the_whatsapp_cofounder_who_sold_to_facebook_for/;26;;False;The WhatsApp Cofounder Who Sold To Facebook For $19 Billion Tells Students To Delete Facebook - ‚ÄúThe capitalistic profit motive, or answering to Wall Street, is what‚Äôs driving the expansion of invasion of data privacy and driving the expansion of a lot of negative outcomes‚Äù;https://www.buzzfeednews.com/article/ryanmac/whatsapp-brian-acton-delete-facebook-stanford-lecture
1552756579.0;False;b1urvg;False;False;t3_b1urvg;0;False;/r/facebook/comments/b1urvg/spend_an_hour_listening_knowledge_is_a_good_thing/;1;;False;Spend an hour listening. Knowledge is a good thing.;https://www.commonwealthclub.org/events/archive/podcast/roger-mcnamee-inside-facebook-catastrophe
1552716426.0;False;b1papp;False;False;t3_b1papp;0;False;/r/facebook/comments/b1papp/why_the_debate_over_privacy_cant_rely_on_tech/;5;;False;Why the Debate Over Privacy Can't Rely on Tech Giants;https://www.eff.org/deeplinks/2019/03/why-debate-over-privacy-cant-rely-tech-giants
1552702644.0;False;b1ndnp;False;False;t3_b1ndnp;1;False;/r/facebook/comments/b1ndnp/facebook_and_instagrams_outage_cost_advertisers/;5;;False;Facebook and Instagram‚Äôs outage cost advertisers thousands of dollars;https://www.theverge.com/2019/3/14/18265002/facebook-instagram-outage-ad-revenue-lost
1552628483.0;False;b1b1jf;False;False;t3_b1b1jf;14;False;/r/facebook/comments/b1b1jf/facebook_is_rolling_out_upvotedownvote_buttons_on/;13;;False;Facebook is rolling out upvote/downvote buttons on comments;https://i.redd.it/fx6ou9ykz7m21.png
1552597033.0;False;b15orb;False;False;t3_b15orb;9;False;/r/facebook/comments/b15orb/facebooks_head_of_product_chris_cox_says_goodbye/;9;;False;Facebook‚Äôs Head of Product, Chris Cox, Says Goodbye;https://www.wired.com/story/chris-cox-leaving-facebook/
1552621122.0;False;b19z7e;False;False;t3_b19z7e;0;False;/r/facebook/comments/b19z7e/facebook_is_honing_in_on_india_with_new_music/;1;;False;Facebook is honing in on India with new music content deals;https://theindustryobserver.brag.net.au/facebook-turns-its-attention-to-india-with-new-content-deals/
1552607533.0;False;b17qwo;False;False;t3_b17qwo;0;False;/r/facebook/comments/b17qwo/facebook_releases_a_trio_of_new_ai_hardware/;1;;False;Facebook Releases a Trio of New AI Hardware Designs;https://medium.com/@Synced/facebook-releases-a-trio-of-new-ai-hardware-designs-fc8da44b6cce
1552503578.0;False;b0psrm;False;False;t3_b0psrm;304;False;/r/facebook/comments/b0psrm/facebook_and_instagram_are_down/;206;;False;Facebook and Instagram are down;https://www.cnet.com/news/cant-update-status-facebook-and-instagram-are-down/
1552504515.0;False;b0pztf;False;False;t3_b0pztf;88;False;/r/facebook/comments/b0pztf/use_this_link_to_verify_if_facebook_is_down_or/;62;;False;Use this link to Verify if Facebook is down or has been experiencing trouble.;https://downdetector.com/status/facebook
1552520785.0;False;b0t7uu;False;False;t3_b0t7uu;7;False;/r/facebook/comments/b0t7uu/facebook_data_deals_are_under_criminal/;17;;False;Facebook data deals are under criminal investigation;https://www.google.com/url?sa=i&source=web&cd=&ved=2ahUKEwjp48u6poDhAhVnc98KHcO9CJ0QzPwBegQIARAC&url=https%3A%2F%2Fwww.nytimes.com%2F2019%2F03%2F13%2Ftechnology%2Ffacebook-data-subpoenas.html&psig=AOvVaw0ao7ot2-kr-IbBXAL6R6iA&ust=1552607141853341
1552526543.0;False;b0u867;False;False;t3_b0u867;2;False;/r/facebook/comments/b0u867/it_is_interesting_that_this_recent_news_has/;11;;False;It is interesting that this recent news has leaked and coincidentally both was offline today.;http://www.bbc.com/news/technology-47001460
1552445331.0;False;b0gu4x;True;False;t3_b0gu4x;52;False;/r/facebook/comments/b0gu4x/weekly_questions_thread_march_13_2019_utc/;7;Use this thread to ask questions as part of a trial to introduce a Weekly Questions Thread in /r/Facebook. Remember that discussions about being banned, needing to provide ID and account suspension issues should be directed to the Facebook Help Center as nothing can be done here and these types of posts drown the subreddit. Feedback about this new trial feature is welcome.;False;Weekly Questions Thread - (March 13, 2019 UTC);https://www.reddit.com/r/facebook/comments/b0gu4x/weekly_questions_thread_march_13_2019_utc/
1552393147.0;False;b074j9;False;False;t3_b074j9;2;False;/r/facebook/comments/b074j9/facebook_coin_can_generate_up_to_19_billion/;15;;False;Facebook Coin Can Generate up to $19 Billion Revenue;https://traderschat.io/t/facebook-coin-can-generate-up-to-19-billion-revenue/87
1552375367.0;False;b04vok;False;False;t3_b04vok;4;False;/r/facebook/comments/b04vok/facebook_bans_zero_hedge/;12;;False;Facebook Bans Zero Hedge;https://www.zerohedge.com/news/2019-03-11/facebook-bans-zero-hedge
1552344706.0;False;b002h1;False;False;t3_b002h1;7;False;/r/facebook/comments/b002h1/facebook_takes_down_elizabeth_warren_ads_calling/;28;;False;Facebook takes down Elizabeth Warren ads calling for breakup of Facebook;https://www.politico.com/story/2019/03/11/facebook-removes-elizabeth-warren-ads-1216757
1552359989.0;False;b02q3f;False;False;t3_b02q3f;5;False;/r/facebook/comments/b02q3f/academic_survey_on_perceived_bias_in_social_media/;7;;False;Academic Survey on Perceived Bias in Social Media;https://goo.gl/forms/Q1SMuXUciQlt1mLg2
1552281939.0;False;azpgwq;False;False;t3_azpgwq;12;False;/r/facebook/comments/azpgwq/millennials_lead_the_mass_facebook_exodus/;9;;False;Millennials lead the mass Facebook exodus;https://www.dailymail.co.uk/sciencetech/article-6781593/More-15-MILLION-Facebook-users-quit-site.html
1552226704.0;False;azfxug;False;False;t3_azfxug;0;False;/r/facebook/comments/azfxug/its_still_ridiculously_easy_to_manipulate/;10;;False;It's still ridiculously easy to manipulate Facebook with anger;https://www.wired.co.uk/article/facebook-uk-fake-accounts
1552159247.0;False;az6zxe;False;False;t3_az6zxe;3;False;/r/facebook/comments/az6zxe/mark_zuckerberg_discovers_privacy/;6;;False;Mark Zuckerberg discovers privacy;https://techcrunch.com/2019/03/06/mark-zuckerberg-discovers-privacy/
1552092620.0;False;ayxpwl;False;False;t3_ayxpwl;0;False;/r/facebook/comments/ayxpwl/government_to_facebook_pipeline_reveals_a_corrupt/;4;;False;"Government to Facebook Pipeline Reveals a Corrupt Mix of Social Media and the State - The next time someone tells you that ""Facebook is a private company"" ask them if they know about the dozens of government employees who fill its ranks";https://thefreethoughtproject.com/facebook-filled-former-government-officials/
1552058159.0;False;ayrd7e;False;False;t3_ayrd7e;2;False;/r/facebook/comments/ayrd7e/facebook_may_have_built_mark_zuckerberg_an_escape/;12;;False;Facebook May Have Built Mark Zuckerberg an Escape Tunnel Nicknamed the 'Panic Chute';https://gizmodo.com/facebook-may-have-built-mark-zuckerberg-an-escape-tunne-1833142388
1552055480.0;False;ayqwhl;False;False;t3_ayqwhl;0;False;/r/facebook/comments/ayqwhl/facebook_advertising_tips_strategies_2019/;2;;False;Facebook Advertising Tips & Strategies 2019;https://www.youtube.com/watch?v=Xx-iLff0R1E
1552048014.0;False;ayppr3;False;False;t3_ayppr3;1;False;/r/facebook/comments/ayppr3/facebook_is_renewing_its_app_for_android/;2;;False;Facebook is renewing its app for Android;https://techlapse.com/mobile/app/facebook-is-renewing-its-app-for-android/
1551982481.0;False;ayfq5z;False;False;t3_ayfq5z;2;False;/r/facebook/comments/ayfq5z/zuckerberg_says_facebooks_future_is_going_big_on/;5;;False;Zuckerberg Says Facebook's Future Is Going Big On Private Chats (Video) - South Florida Reporter;https://southfloridareporter.com/zuckerberg-says-facebooks-future-is-going-big-on-private-chats-video/
1551974301.0;False;aye486;False;False;t3_aye486;1;False;/r/facebook/comments/aye486/10_reasons_you_should_delete_facebook/;6;;False;10 Reasons You Should Delete Facebook;https://youtu.be/kJJnCRA88sk
1551978233.0;False;ayevr1;False;False;t3_ayevr1;3;False;/r/facebook/comments/ayevr1/i_never_thought_facebook_data_could_haunt_us_to/;3;;False;I never thought facebook data could haunt us to this level;https://www.bucketbuff.com/what-could-hacker-do-with-your-hacked-facebook-data/
1551943645.0;False;ay9z66;False;False;t3_ay9z66;4;False;/r/facebook/comments/ay9z66/if_facebook_was_owned_by_its_users/;4;;False;If Facebook was Owned by its Users;https://bitjoin.me/2019/03/05/if-facebook-was-owned-by-its-users/
1551955105.0;False;ayb99n;False;False;t3_ayb99n;0;False;/r/facebook/comments/ayb99n/how_messenger_code_optimization_helps_you/;2;;False;How Messenger Code Optimization Helps You Generate Leads [COMPLETE GUIDE];https://botsify.com/blog/how-messenger-code-optimization-helps-you-generate-leadsits-use-cases-and-benefits
1551931296.0;False;ay8anr;False;False;t3_ay8anr;5;False;/r/facebook/comments/ay8anr/us_users_are_leaving_facebook_by_the_millions/;6;;False;U.S. users are leaving Facebook by the millions, Edison Research says;https://www.marketplace.org/2019/03/06/tech/exclusive-look-numbers-showing-users-leaving-facebook-by-the-millions
1551933266.0;False;ay8kyc;False;False;t3_ay8kyc;7;False;/r/facebook/comments/ay8kyc/mark_zuckerberg_says_facebook_is_working_on_a/;5;;False;Mark Zuckerberg Says Facebook is Working on a Privacy Focused Revamp (Source: BuzzStreet app);https://www.news18.com/amp/news/tech/mark-zuckerberg-says-facebook-is-working-on-a-privacy-focused-revamp-2058699.html
1551895232.0;False;ay1rss;False;False;t3_ay1rss;16;False;/r/facebook/comments/ay1rss/us_users_are_leaving_facebook_by_the_millions/;23;;False;U.S. users are leaving Facebook by the millions, Edison Research says - an an estimated 15 million fewer users in the United States compared to 2017. The biggest drop is in the very desirable 12- to 34-year-old group;https://www.marketplace.org/2019/03/06/tech/exclusive-look-numbers-showing-users-leaving-facebook-by-the-millions
1551858798.0;False;axwbqv;False;False;t3_axwbqv;1;True;/r/facebook/comments/axwbqv/to_catch_a_predator_facebook_edition/;3;;True;To Catch A Predator - FACEBOOK Edition!;https://www.youtube.com/attribution_link?a=yQZvX8ClJpA&u=%2Fwatch%3Fv%3DSR5bE4sIPVc%26feature%3Dshare
1551840531.0;False;axtrt3;True;False;t3_axtrt3;22;False;/r/facebook/comments/axtrt3/weekly_questions_thread_march_06_2019_utc/;4;Use this thread to ask questions as part of a trial to introduce a Weekly Questions Thread in /r/Facebook. Remember that discussions about being banned, needing to provide ID and account suspension issues should be directed to the Facebook Help Center as nothing can be done here and these types of posts drown the subreddit. Feedback about this new trial feature is welcome.;False;Weekly Questions Thread - (March 06, 2019 UTC);https://www.reddit.com/r/facebook/comments/axtrt3/weekly_questions_thread_march_06_2019_utc/
1551801353.0;False;axmn7j;False;False;t3_axmn7j;0;False;/r/facebook/comments/axmn7j/the_beginners_guide_to_facebook_insights/;7;;False;The Beginner's Guide to Facebook Insights (Actionable Tips Included);https://buffer.com/library/facebook-insights?fbclid=IwAR21Bi6hhWMsMoSVUB4aiovinbmTzurZQDzn4HDfGVKAtnzptdgwWit8jrM
1551814875.0;False;axp987;False;False;t3_axp987;1;False;/r/facebook/comments/axp987/revealed_facebooks_global_lobbying_against_data/;3;;False;Revealed: Facebook‚Äôs global lobbying against data privacy laws - Social network targeted legislators around the world, promising or threatening to withhold investment;https://www.theguardian.com/technology/2019/mar/02/facebook-global-lobbying-campaign-against-data-privacy-laws-investment
1551804382.0;False;axn89t;False;False;t3_axn89t;0;False;/r/facebook/comments/axn89t/caffe_pioneer_ai_infrastructure_director_leaves/;2;;False;Caffe Pioneer & AI Infrastructure Director Leaves Facebook;https://medium.com/syncedreview/caffe-pioneer-ai-infrastructure-director-leaves-facebook-d307ff4c6dae
1551725014.0;False;axandq;False;False;t3_axandq;0;False;/r/facebook/comments/axandq/facebook_sues_chinese_companies_for_selling_fake/;13;;False;Facebook sues Chinese companies for selling fake accounts;https://www.theverge.com/2019/3/4/18249854/facebook-instagram-lawsuit-china-fake-account-like-follower
1551720664.0;False;ax9rgy;False;False;t3_ax9rgy;3;False;/r/facebook/comments/ax9rgy/facebook_is_actively_monetizing_divisive_content/;10;;False;Facebook is actively monetizing divisive content.;http://www.chrisfranko.com/2019/03/03/facebook-makes-me-angry-for-money/
1551745832.0;False;axenki;False;False;t3_axenki;1;False;/r/facebook/comments/axenki/facebook_information_leak_webpages_can_confirm_a/;0;;False;Facebook Information Leak - Webpages can confirm a user's ID;http://www.tomanthony.co.uk/blog/facebook-bug-confirm-user-identities/
1551738567.0;False;axdch9;False;False;t3_axdch9;0;False;/r/facebook/comments/axdch9/facebook_doubles_down_on_misusing_your_phone/;1;;False;Facebook Doubles Down On Misusing Your Phone Number;https://www.eff.org/deeplinks/2019/03/facebook-doubles-down-misusing-your-phone-number
1551700559.0;False;ax6b5k;False;False;t3_ax6b5k;0;False;/r/facebook/comments/ax6b5k/facebook_leaks_reveal_unethical_global_lobbying/;6;;False;Facebook leaks reveal unethical global lobbying strategies;https://mashable.com/article/facebook-global-lobbying/#sB9IY0WyPgqw
1551675925.0;False;ax3910;False;False;t3_ax3910;4;False;/r/facebook/comments/ax3910/facebook_wont_let_you_optout_of_its_phone_number/;13;;False;Facebook won‚Äôt let you opt-out of its phone number ‚Äòlook up‚Äô setting;https://techcrunch.com/2019/03/03/facebook-phone-number-look-up/
1551704423.0;False;ax6vh7;False;False;t3_ax6vh7;5;False;/r/facebook/comments/ax6vh7/how_to_enable_hidden_dark_mode_in_facebook/;1;;False;How to Enable Hidden Dark Mode in Facebook Messenger;https://beebom.com/enable-dark-mode-facebook-messenger/
1551678719.0;False;ax3nd9;False;False;t3_ax3nd9;0;False;/r/facebook/comments/ax3nd9/french_tax_on_internet_giants_could_yield_500/;0;;False;French tax on internet giants could yield 500 million euros per year: Le Maire;https://www.reuters.com/article/us-france-tax-internet-idUSKCN1QK0ET
1551651530.0;False;awzcru;False;False;t3_awzcru;0;False;/r/facebook/comments/awzcru/facebooks_inclusive_internet_index_shows_lack_of/;3;;False;Facebook's Inclusive Internet Index shows lack of trust in internet;https://www.businessinsider.com/facebook-inclusive-internet-index-shows-lack-of-trust-in-internet-2019-3
1551633244.0;False;aww0pz;False;False;t3_aww0pz;2;False;/r/facebook/comments/aww0pz/facebook_reportedly_took_three_years_to_tackle/;5;;False;Facebook reportedly took three years to tackle fake news in one country;https://www.engadget.com/2019/03/03/facebook-takes-3-years-to-fight-fake-news-moldova/
1551563433.0;False;awmu86;False;False;t3_awmu86;0;False;/r/facebook/comments/awmu86/for_years_facebook_claimed_the_adding_a_phone/;21;;False;For years Facebook claimed the adding a phone number for 2FA was only for security. Now it can be searched and there's no way to disable that.;https://twitter.com/jeremyburge/status/1101402001907372032
1551615915.0;False;awtjz0;False;False;t3_awtjz0;0;False;/r/facebook/comments/awtjz0/4_ways_to_crack_a_facebook_password_protect/;1;;False;4 Ways to Crack a Facebook Password & Protect Yourself from Them;https://www.techfunia.com/4-ways-to-crack-a-facebook-password-protect-yourself-from-them/
1551542398.0;False;awj3n3;False;False;t3_awj3n3;0;False;/r/facebook/comments/awj3n3/facebooks_workplace_has_over_2_million_paying/;2;;False;Facebook‚Äôs Workplace has over 2 million paying users;https://financeandmarkets.com/facebooks-workplace-has-over-2-million-paying-users/
1551532777.0;False;awhoyj;False;False;t3_awhoyj;0;False;/r/facebook/comments/awhoyj/facebook_messenger_dark_mode/;2;;False;Facebook Messenger Dark Mode;https://youtu.be/gV3fUKBsYN4
1551491607.0;False;awci9v;False;False;t3_awci9v;0;False;/r/facebook/comments/awci9v/social_media_companies_still_arent_doing_enough/;4;;False;Social media companies still aren‚Äôt doing enough about disinformation, EU says;https://www.theverge.com/2019/3/1/18246526/facebook-twitter-google-social-media-disinformation-europe
1551373786.0;False;avthba;False;False;t3_avthba;0;False;/r/facebook/comments/avthba/fix_it_already_facebook/;4;;False;Fix It Already: Facebook;https://fixitalready.eff.org/facebook/
1551314613.0;False;avkrl6;False;False;t3_avkrl6;1;False;/r/facebook/comments/avkrl6/its_not_filter_bubbles_in_the_algorithm_its/;1;;False;It's not filter bubbles in the algorithm it's filter bubbles in our heads;https://journals.sagepub.com/doi/full/10.1177/2056305118800319
1551235731.0;False;av866x;True;False;t3_av866x;25;False;/r/facebook/comments/av866x/weekly_questions_thread_february_27_2019_utc/;5;Use this thread to ask questions as part of a trial to introduce a Weekly Questions Thread in /r/Facebook. Remember that discussions about being banned, needing to provide ID and account suspension issues should be directed to the Facebook Help Center as nothing can be done here and these types of posts drown the subreddit. Feedback about this new trial feature is welcome.;False;Weekly Questions Thread - (February 27, 2019 UTC);https://www.reddit.com/r/facebook/comments/av866x/weekly_questions_thread_february_27_2019_utc/
1551192073.0;False;av05rm;False;False;t3_av05rm;1;False;/r/facebook/comments/av05rm/facebook_content_moderators_end_up_believing/;2;;False;Facebook content moderators end up believing conspiracy theories spread on the platform;https://qz.com/1559385/facebook-content-moderators-end-up-believing-conspiracy-theories/
1551118915.0;False;auoe8m;False;False;t3_auoe8m;2;False;/r/facebook/comments/auoe8m/facebook_expands_its_internet_infrastructure/;1;;False;Facebook expands its internet infrastructure projects;https://techcrunch.com/2019/02/25/facebook-expands-its-internet-infrastructure-projects/
1551096031.0;False;aukhm2;False;False;t3_aukhm2;0;False;/r/facebook/comments/aukhm2/blockchain_specialists_provide_feedback_on/;1;;False;Blockchain Specialists Provide Feedback on ‚ÄúFacebook Login‚Äù;https://coinidol.com/feedback-facebook-login/
1551072528.0;False;auhhiu;False;False;t3_auhhiu;5;False;/r/facebook/comments/auhhiu/facebook_tools_accept_all_friends_remove_all/;2;;False;Facebook Tools - Accept all friends, Remove all friends, Poke all friends etc;https://fbtools.co.in
1551028108.0;False;au9xtb;False;False;t3_au9xtb;14;False;/r/facebook/comments/au9xtb/facebook_also_able_to_detect_local_languages/;2;;False;üò® Facebook Also Able to Detect local Languages Voices and Shows ads from that;https://i.redd.it/5zxyo59dtji21.png
1550932605.0;False;atw2vp;False;False;t3_atw2vp;0;False;/r/facebook/comments/atw2vp/social_media_and_governance_the_disequilibrium_of/;4;;False;Social Media and Governance: The Disequilibrium of Communication and Commodification;https://thelibertarianideal.wordpress.com/2019/02/22/social-media-and-governance-the-disequilibrium-of-communication-and-commodification/
1550879765.0;False;atop6q;False;False;t3_atop6q;4;False;/r/facebook/comments/atop6q/you_give_apps_sensitive_personal_information_then/;16;;False;You Give Apps Sensitive Personal Information. Then They Tell Facebook;https://www.wsj.com/articles/you-give-apps-sensitive-personal-information-then-they-tell-facebook-11550851636
1550852475.0;False;atjhe9;False;False;t3_atjhe9;0;False;/r/facebook/comments/atjhe9/mark_zuckerberg_promised_a_clear_history_tool/;6;;False;Mark Zuckerberg Promised A Clear History Tool Almost A Year Ago;https://www.buzzfeednews.com/article/ryanmac/facebook-privacy-optics-clear-history-zuckerberg
1550828195.0;False;atfklx;False;False;t3_atfklx;0;False;/r/facebook/comments/atfklx/facebook_is_starting_to_pay_for_some_of_its/;6;;False;Facebook is starting to pay for some of its missteps and Wall Street is getting nervous;https://www.thehour.com/technology/businessinsider/article/Facebook-is-starting-to-pay-for-some-of-its-13633298.php
1550824409.0;False;atf3wn;False;False;t3_atf3wn;0;False;/r/facebook/comments/atf3wn/facebook_will_shut_down_its_spyware_vpn_app_onavo/;5;;False;Facebook will shut down its spyware VPN app Onavo;https://techcrunch.com/2019/02/21/facebook-removes-onavo/
1550796791.0;False;atay9h;False;False;t3_atay9h;4;False;/r/facebook/comments/atay9h/active_session_from_my_windows_phone_from_2010/;6;;False;Active session from my Windows Phone from 2010 show up;https://i.redd.it/8w1ql0bep0i21.png
1550758289.0;False;at3ku4;False;False;t3_at3ku4;0;False;/r/facebook/comments/at3ku4/facebook_privacy_issues/;2;;False;Facebook Privacy Issues;https://surfshark.com/blog/how-does-facebook-work
1550711918.0;False;aswqh8;False;False;t3_aswqh8;0;False;/r/facebook/comments/aswqh8/microsoft_edge_secret_whitelist_allows_facebook/;18;;False;Microsoft Edge Secret Whitelist Allows Facebook to Autorun Flash;https://www.bleepingcomputer.com/news/security/microsoft-edge-secret-whitelist-allows-facebook-to-autorun-flash/
1550706542.0;False;asvpyp;False;False;t3_asvpyp;0;False;/r/facebook/comments/asvpyp/former_facebook_exec_i_think_we_have_created/;6;;False;"Former Facebook exec: ""I think we have created tools that are ripping apart the social fabric of how society works...The short-term, dopamine-driven feedback loops we‚Äôve created are destroying how society works. No civil discourse, no cooperation, misinformation, mistruth...You are being programmed""";https://www.youtube.com/watch?v=PMotykw0SIk&feature=youtu.be&t=1282
1550685713.0;False;asrg0a;False;False;t3_asrg0a;0;False;/r/facebook/comments/asrg0a/speakouttech_is_a_new_campaign_urging_tech/;15;;False;SpeakOut.tech is a new campaign urging tech workers to blow the whistle when their companies are doing sketchy, unethical stuff. We need more Silicon Valley whistleblowers. You're not alone. We've got your back. #SpeakOutTech;https://www.speakout.tech/
1550675957.0;False;aspht9;False;False;t3_aspht9;11;False;/r/facebook/comments/aspht9/it_has_to_by_spying_somehow/;6;;False;It has to by spying somehow;https://v.redd.it/twfjgwiypqh21
1550615653.0;False;asgdx6;False;False;t3_asgdx6;0;False;/r/facebook/comments/asgdx6/facebook_opensources_improved_go_bot_and_huge/;8;;False;Facebook Open-Sources Improved Go Bot and Huge Game Library;https://syncedreview.com/2019/02/19/facebook-open-sources-improved-go-bot-and-huge-game-library/
1550630933.0;False;asiy5r;True;False;t3_asiy5r;10;False;/r/facebook/comments/asiy5r/weekly_questions_thread_february_20_2019_utc/;0;Use this thread to ask questions as part of a trial to introduce a Weekly Questions Thread in /r/Facebook. Remember that discussions about being banned, needing to provide ID and account suspension issues should be directed to the Facebook Help Center as nothing can be done here and these types of posts drown the subreddit. Feedback about this new trial feature is welcome.;False;Weekly Questions Thread - (February 20, 2019 UTC);https://www.reddit.com/r/facebook/comments/asiy5r/weekly_questions_thread_february_20_2019_utc/
1550547852.0;False;as609o;False;False;t3_as609o;0;False;/r/facebook/comments/as609o/facebooks_new_terms_and_conditions_for_messenger/;7;;False;Facebook's new terms and conditions for messenger;https://twitter.com/ow/status/1097677898453041153
1550508420.0;False;arz530;False;False;t3_arz530;1;False;/r/facebook/comments/arz530/facebook_labelled_digital_gangsters_by_report_on/;19;;False;Facebook labelled 'digital gangsters' by report on fake news - Company broke privacy and competition law and should be regulated urgently, say MPs;https://www.theguardian.com/technology/2019/feb/18/facebook-fake-news-investigation-report-regulation-privacy-law-dcms
1550561400.0;False;as7t5s;False;False;t3_as7t5s;0;False;/r/facebook/comments/as7t5s/an_open_letter_to_facebook_about_an_issue_of/;1;;False;AN OPEN LETTER TO FACEBOOK ABOUT AN ‚ÄòISSUE OF NATIONAL IMPORTANCE‚Äô;https://www.creativefirst.film/articles/an-open-letter-to-facebook-about-an-issue-of-national-importance-political-ad-filtering
1550513018.0;False;arzzrx;False;False;t3_arzzrx;0;False;/r/facebook/comments/arzzrx/facebook_broke_rules_should_be_regulated_uk/;4;;False;Facebook broke rules, should be regulated: UK lawmakers;https://www.reuters.com/article/us-facebook-privacy-britain/facebook-broke-rules-should-be-regulated-uk-lawmakers-idUSKCN1Q7005
1550291690.0;False;ar5bxn;False;False;t3_ar5bxn;6;False;/r/facebook/comments/ar5bxn/what_would_happen_if_facebook_were_turned_off/;2;;False;What would happen if Facebook were turned off?;https://www.economist.com/finance-and-economics/2019/02/14/what-would-happen-if-facebook-were-turned-off
1550243846.0;False;aqxjt6;False;False;t3_aqxjt6;4;False;/r/facebook/comments/aqxjt6/facebook_uses_its_apps_to_track_users_it_thinks/;15;;False;"Facebook uses its apps to track users it thinks could threaten employees and offices - Facebook maintains a list of individuals that its security guards must ""be on lookout"" for that is comprised of users who've made threatening statements against the company as well as numerous former employees";https://www.cnbc.com/2019/02/14/facebooks-security-team-tracks-posts-location-for-bolo-threat-list.html
1550262128.0;False;ar0t3k;False;False;t3_ar0t3k;0;False;/r/facebook/comments/ar0t3k/well_played_ft_well_played/;4;;False;Well played FT, well played.;https://i.redd.it/hjcoz63qjsg21.jpg
1550250285.0;False;aqyohz;False;False;t3_aqyohz;1;False;/r/facebook/comments/aqyohz/facebooks_sexist_search_function_suggests_photos/;4;;False;Facebook's 'sexist' search function suggests photos of female friends in bikinis;https://www.independent.co.uk/life-style/gadgets-and-tech/news/facebook-search-photos-female-friends-bikinis-sexist-gender-a8780846.html
1550250270.0;False;aqyoec;False;False;t3_aqyoec;0;False;/r/facebook/comments/aqyoec/facebook_fake_news_war_room_should_target/;3;;False;Facebook fake news 'war room' should target anti-vaxxers;https://www.telegraph.co.uk/news/0/facebook-fake-news-war-room-should-target-anti-vaxxers/
1550222965.0;False;aqux08;False;False;t3_aqux08;0;False;/r/facebook/comments/aqux08/regulating_facebook_twitter_and_instagram/;6;;False;Regulating Facebook, Twitter and Instagram;https://www.bloomberg.com/opinion/articles/2019-02-14/regulating-facebook-twitter-and-instagram
1550164797.0;False;aqm3fi;False;False;t3_aqm3fi;2;False;/r/facebook/comments/aqm3fi/ni_police_handed_24hour_facebook_ban/;5;;False;NI police handed 24-hour Facebook ban;https://www.bbc.co.uk/news/uk-northern-ireland-47245487
1550121513.0;False;aqgah0;False;False;t3_aqgah0;5;False;/r/facebook/comments/aqgah0/ethical_alternatives_to_facebook_and_twitter/;5;;False;Ethical alternatives to Facebook and Twitter;https://switching.social/ethical-alternatives-to-facebook/
1550103193.0;False;aqdizh;False;False;t3_aqdizh;1;False;/r/facebook/comments/aqdizh/begin_to_map_out_design_and_market_your_website/;2;;False;Begin to map out, design, and market your website as a place to document your life, so that it lives on forever - the people you know stay connected - and those in the future can see how you lived...with sound.;https://i.redd.it/ah0e915sefg21.jpg
1550026134.0;False;aq1q87;True;False;t3_aq1q87;27;False;/r/facebook/comments/aq1q87/weekly_questions_thread_february_13_2019_utc/;7;Use this thread to ask questions as part of a trial to introduce a Weekly Questions Thread in /r/Facebook. Remember that discussions about being banned, needing to provide ID and account suspension issues should be directed to the Facebook Help Center as nothing can be done here and these types of posts drown the subreddit. Feedback about this new trial feature is welcome.;False;Weekly Questions Thread - (February 13, 2019 UTC);https://www.reddit.com/r/facebook/comments/aq1q87/weekly_questions_thread_february_13_2019_utc/
1550013808.0;False;apzryd;False;False;t3_apzryd;1;False;/r/facebook/comments/apzryd/facebook_lets_you_search_for_pictures_of_your/;13;;False;Facebook lets you search for pictures of your female friends, but not your male ones;https://thenextweb.com/socialmedia/2019/02/12/facebook-lets-you-search-for-pictures-of-your-female-friends-but-not-your-male-ones/
1549989229.0;False;apv5jy;False;False;t3_apv5jy;3;False;/r/facebook/comments/apv5jy/facebook_portal_is_50_off_at_best_buy_right_now/;8;;False;Facebook Portal is $50 off at Best Buy right now;https://bestseolearnersblog.blogspot.com/2019/02/facebook-portal-is-50-off-at-best-buy.html
1549986728.0;False;apuoxx;False;False;t3_apuoxx;1;False;/r/facebook/comments/apuoxx/didnt_know_where_else_to_put_this_just_received_a/;1;;False;Didn‚Äôt know where else to put this. Just received a message. It looks like a phishing scam. If you receive this please do not click the link to login. If you want to verify this is from Facebook, go to Facebook.com directly.;https://i.redd.it/cmmtr87ts5g21.jpg
1549821248.0;False;ap6c4p;False;False;t3_ap6c4p;12;False;/r/facebook/comments/ap6c4p/germany_prohibits_facebook_from_collecting_user/;17;;False;Germany prohibits Facebook from collecting user data without user voluntary consent;https://ppc.land/germany-prohibits-facebook-from-collecting-user-data-without-user-voluntary-consent/
1549807250.0;False;ap446u;False;False;t3_ap446u;0;False;/r/facebook/comments/ap446u/facebook_remade_the_internet_in_its_hideous_image/;1;;False;Facebook Remade the Internet in Its Hideous Image;https://newrepublic.com/article/153065/facebook-remade-internet-hideous-image
1549718705.0;False;aosanb;False;False;t3_aosanb;0;False;/r/facebook/comments/aosanb/how_wired_covered_facebook_these_past_15_years/;5;;False;How WIRED Covered Facebook These Past 15 Years;https://www.wired.com/story/how-wired-covered-facebook-first-15-years/
1549689229.0;False;aopbcs;False;False;t3_aopbcs;0;False;/r/facebook/comments/aopbcs/joe_rogan_experience_1242_tim_pool/;3;;False;Joe Rogan Experience #1242 - Tim Pool;https://www.youtube.com/watch?v=02ux1dKNPXo&feature=push-lsb&attr_tag=D6E9FE2P1fmtBzYb%3A6
1549638354.0;False;aohdlb;False;False;t3_aohdlb;3;False;/r/facebook/comments/aohdlb/12step_program_to_quit_facebook_for_good_medium/;4;;False;12-Step Program to Quit Facebook for Good ‚Äì Medium;https://medium.com/@hinah/12-step-program-to-quit-facebook-for-good-3d84bade6fde?source=friends_link&sk=67a2bf7994f5e9ac760dbc0ae1200db8
1549583724.0;False;aoadx2;False;False;t3_aoadx2;6;False;/r/facebook/comments/aoadx2/i_deleted_facebook_but_now_i_am_worried/;8;;False;I deleted Facebook, but now I am worried. https://youtu.be/GmoGT2q9rkI;https://youtu.be/GmoGT2q9rkI
1549563396.0;False;ao6o0v;False;False;t3_ao6o0v;3;False;/r/facebook/comments/ao6o0v/facebook_evolution_since_2004_of_the_index_page_i/;9;;False;Facebook Evolution since 2004 of the index page ! I would go with 2007 and 2008 the best version !;https://i.redd.it/g3fmab7st6f21.jpg
1549536502.0;False;ao2j8i;False;False;t3_ao2j8i;2;False;/r/facebook/comments/ao2j8i/facebook_personal_data_use_and_privacy_settings/;18;;False;Facebook personal data use and privacy settings ruled illegal by German court;https://www.theguardian.com/technology/2018/feb/12/facebook-personal-data-privacy-settings-ruled-illegal-german-court
1549549166.0;False;ao46n5;False;False;t3_ao46n5;2;False;/r/facebook/comments/ao46n5/facebook_will_reveal_who_uploaded_your_contact/;6;;False;Facebook will reveal who uploaded your contact info for ad targeting - In November, Facebook launched a way for ad agencies and marketing tech developers to specify who they were buying promotions ‚Äúon behalf of.‚Äù Soon that information will finally be revealed to users;https://techcrunch.com/2019/02/06/why-am-i-seeing-this-ad/
1549550372.0;False;ao4dad;False;False;t3_ao4dad;0;False;/r/facebook/comments/ao4dad/all_the_times_facebook_moved_fast_and_sometimes/;2;;False;All the Times Facebook Moved Fast and Sometimes Broke Things;https://www.wired.com/story/15-years-later-what-is-facebook/
1549549825.0;False;ao4a9n;False;False;t3_ao4a9n;0;False;/r/facebook/comments/ao4a9n/facebook_wants_you_to_have_privacy_just_not_from/;2;;False;Facebook Wants You to Have Privacy, Just Not From Facebook - The company has increased limits on outside use of its data but has ratcheted up its own data collection practices;https://www.bloomberg.com/news/articles/2019-02-07/facebook-is-getting-more-invasive-as-it-brags-about-privacy-gains
1549561491.0;False;ao6bay;False;False;t3_ao6bay;0;False;/r/facebook/comments/ao6bay/new_britain_chamber_president_tim_stewart_issues/;1;;True;New Britain Chamber President Tim Stewart issues an apology following sexist Facebook post;http://www.newbritainherald.com/article/view/article_id/344301/headline/update-new-britain-chamber-president-tim-stewart-issues-apology-following-sexist-facebook-post/section/
1549524320.0;False;ao1a6y;False;False;t3_ao1a6y;3;False;/r/facebook/comments/ao1a6y/facebook_boss_arrogant_coward_uk_mp/;5;;False;Facebook boss ‚Äòarrogant coward‚Äô: UK MP;https://www.presstv.com/Detail/2019/02/06/587878/UK-Facebook-probe-Zuckerberg-Labour-MP
1549493053.0;False;anwnei;False;False;t3_anwnei;0;False;/r/facebook/comments/anwnei/switchingsocial_ethical_alternatives_to_popular/;6;;False;switching.social ‚Äì Ethical alternatives to popular sites and apps;https://switching.social/
1549467766.0;False;anrxs1;False;False;t3_anrxs1;0;False;/r/facebook/comments/anrxs1/facebook_v_the_media/;4;;False;Facebook v the media;https://www.bbc.co.uk/news/technology-47130142
1549433391.0;False;annu4m;False;False;t3_annu4m;4;False;/r/facebook/comments/annu4m/facebook_will_now_evaluate_employees_on_whether/;11;;False;Facebook will now evaluate employees on whether they help solve 'social issues';https://www.cnbc.com/2019/02/05/facebook-changes-employee-evaluations-to-add-focus-on-social-issues.html?__source=yahoo%7Cfinance%7Cheadline%7Cstory%7C&par=yahoo&yptr=yahoo
1549467785.0;False;anrxw8;False;False;t3_anrxw8;0;False;/r/facebook/comments/anrxw8/facebook_to_link_employee_bonuses_to_progress_on/;1;;False;Facebook to link employee bonuses to progress on social issues;https://www.ft.com/content/145a87ea-29ce-11e9-a5ab-ff8ef2b976c7
1549447941.0;False;anpbvj;False;False;t3_anpbvj;2;False;/r/facebook/comments/anpbvj/facebook_messenger_now_lets_you_remove_a_message/;2;;False;Facebook Messenger Now Lets You Remove a Message You've Sent;https://gadgets.ndtv.com/apps/news/facebook-messenger-now-lets-you-un-send-messages-using-remove-for-everyone-1989038
1549410095.0;False;ankbnc;False;False;t3_ankbnc;3;False;/r/facebook/comments/ankbnc/facebook_ups_their_blockchain_efforts_with_new/;9;;False;Facebook Ups Their Blockchain Efforts With New Startup Hires;https://coinbeat.com/facebook-ups-their-blockchain-efforts-with-new-startup-hires/
1549438550.0;False;anoetk;False;False;t3_anoetk;0;False;/r/facebook/comments/anoetk/early_facebook_investor_blasts_company_in_new/;1;;False;Early Facebook investor blasts company in new book 'Zucked';https://edition.cnn.com/2019/02/04/tech/zucked-facebook-roger-mcnamee/index.html
1549421330.0;False;anm2ww;True;False;t3_anm2ww;40;False;/r/facebook/comments/anm2ww/weekly_questions_thread_february_06_2019_utc/;2;Use this thread to ask questions as part of a trial to introduce a Weekly Questions Thread in /r/Facebook. Remember that discussions about being banned, needing to provide ID and account suspension issues should be directed to the Facebook Help Center as nothing can be done here and these types of posts drown the subreddit. Feedback about this new trial feature is welcome.;False;Weekly Questions Thread - (February 06, 2019 UTC);https://www.reddit.com/r/facebook/comments/anm2ww/weekly_questions_thread_february_06_2019_utc/
1549378137.0;False;anes5o;False;False;t3_anes5o;3;False;/r/facebook/comments/anes5o/famed_investor_roger_mcnamee_once_advised/;8;;False;Famed investor Roger McNamee once advised Facebook. Now he‚Äôs certain it‚Äôs destroying our democracy;https://techcrunch.com/2019/02/05/famed-investor-roger-mcnamee-once-advised-facebook-now-hes-certain-its-destroying-our-democracy/
1549381833.0;False;anfdni;False;False;t3_anfdni;6;False;/r/facebook/comments/anfdni/happy_bday_facebook/;3;;False;Happy B-Day, Facebook!;https://twitter.com/xcoex/status/1092375949608271873
1549338303.0;False;ana4p7;False;False;t3_ana4p7;0;False;/r/facebook/comments/ana4p7/facebook_steps_forward_and_seals_the_deal_on/;2;;False;Facebook steps forward and seals the deal on their first blockchain acquisition - CryptoMeNow;https://cryptomenow.com/facebook-steps-forward-and-seals-the-deal-on-their-first-blockchain-acquisition/
1549290156.0;False;an23yp;False;False;t3_an23yp;1;False;/r/facebook/comments/an23yp/report_attorneys_general_in_six_states_are_now/;13;;False;Report: Attorneys General in Six States Are Now Investigating Facebook's Data Practices;https://gizmodo.com/report-attorneys-general-in-six-states-are-now-investi-1832294726
1549313277.0;False;an64xn;False;False;t3_an64xn;0;False;/r/facebook/comments/an64xn/facebook_turns_15_a_friendship_no_one_asked_for/;3;;False;Facebook Turns 15: A Friendship No One Asked For;https://www.nytimes.com/2019/02/04/opinion/facebook-anniversary.html
1549312584.0;False;an60do;False;False;t3_an60do;0;False;/r/facebook/comments/an60do/trustbusting_as_the_unsexy_answer_to_google_and/;3;;False;Trust-Busting as the Unsexy Answer to Google and Facebook - Los Angeles Review of Books;https://www.lareviewofbooks.org/article/trust-busting-as-the-unsexy-answer-to-google-and-facebook/
1549302607.0;False;an46u3;False;False;t3_an46u3;1;False;/r/facebook/comments/an46u3/stanford_studies_effects_of_quitting_facebook_pdf/;3;;False;Stanford studies effects of quitting Facebook [pdf];http://web.stanford.edu/~gentzkow/research/facebook.pdf
1549289999.0;False;an236k;False;False;t3_an236k;0;False;/r/facebook/comments/an236k/mozilla_raises_concerns_over_facebooks_lack_of/;3;;False;Mozilla Raises Concerns Over Facebook‚Äôs Lack of Transparency - sent a letter to the European Commission surfacing concerns about the lack of publicly available data for political advertising on the Facebook platform;https://blog.mozilla.org/blog/2019/01/31/mozilla-raises-concerns-over-facebooks-lack-of-transparency/
1549266345.0;False;amzgqu;False;False;t3_amzgqu;0;False;/r/facebook/comments/amzgqu/how_facebook_took_over_the_internet_in_15_years/;5;;False;How Facebook took over the internet in 15 years;https://www.independent.co.uk/life-style/gadgets-and-tech/features/facebook-15-birthday-social-network-online-media-platform-internet-mark-zuckerberg-a8758846.html
1549128110.0;False;amg55z;False;False;t3_amg55z;0;False;/r/facebook/comments/amg55z/snopes_ap_suddenly_quit_as_facebook_factcheckers/;29;;False;Snopes & AP Suddenly Quit As Facebook Fact-Checkers - Two of Facebook's four fact checkers, Snopes and the Associated Press, have abruptly ended their fact-checking relationship with the social media giant;https://www.zerohedge.com/news/2019-02-02/snopes-ap-suddenly-quit-facebook-fact-checkers
1549036638.0;False;am3fld;False;False;t3_am3fld;0;False;/r/facebook/comments/am3fld/facebook_removes_783_fake_pages_accounts_tied_to/;8;;False;Facebook removes 783 fake pages, accounts tied to Iran;https://www.apnews.com/3cf2a4b42be9401c9f02ab33af91beb8
1549051850.0;False;am68bl;False;False;t3_am68bl;1;False;/r/facebook/comments/am68bl/snopes_pulls_out_of_its_factchecking_partnership/;3;;False;Snopes pulls out of its fact-checking partnership with Facebook;https://www.poynter.org/fact-checking/2019/snopes-pulls-out-of-its-fact-checking-partnership-with-facebook/
1548968338.0;False;alu5de;False;False;t3_alu5de;1;False;/r/facebook/comments/alu5de/facebook_removes_783_fake_pages_accounts_tied_to/;7;;False;Facebook removes 783 fake pages, accounts tied to Iran;https://apnews.com/387e38a113b041ac9022093577b4ad8a
1548960153.0;False;alsoox;False;False;t3_alsoox;0;False;/r/facebook/comments/alsoox/daily_crunch_facebook_beats_wall_street_estimates/;6;;False;Daily Crunch: Facebook beats Wall Street estimates;https://techcrunch.com/2019/01/31/daily-crunch-facebook-earnings/
1548994754.0;False;aly7tm;False;False;t3_aly7tm;3;False;/r/facebook/comments/aly7tm/facebook_plans_to_merge_instagram_whatsapp/;1;;False;Facebook plans to merge instagram, whatsapp & messenger;https://digitalreviews.xyz/facebook-plans-to-merge-whatsapp-instagram-and-messenger/
1548944601.0;False;alpwwu;False;False;t3_alpwwu;0;False;/r/facebook/comments/alpwwu/this_is_your_brain_off_facebook_more_inperson/;8;;False;This Is Your Brain Off Facebook - More in-person time with friends and family. Less political knowledge, but also less partisan fever. A small bump in one‚Äôs daily moods and life satisfaction. And, for the average Facebook user, an extra hour a day of downtime;https://www.nytimes.com/2019/01/30/health/facebook-psychology-health.html
1548963214.0;False;alt904;False;False;t3_alt904;0;False;/r/facebook/comments/alt904/best_way_to_increase_your_social_media_presence/;2;;False;Best way to increase your social media presence;https://www.quora.com/How-can-I-get-better-at-Facebook-marketing/answer/Azhar-Pasha-33?ch=3&share=196fd813&srid=5VuWN
1548919914.0;False;aln45o;False;False;t3_aln45o;1;False;/r/facebook/comments/aln45o/facebook_quietly_blocked_tools_that_let_people/;3;;False;Facebook quietly blocked tools that let people see how its ads are targeted;https://qz.com/1537686/facebook-blocks-propublica-and-mozillas-ad-transparency-tools/
1548858651.0;False;ald7cg;False;False;t3_ald7cg;3;False;/r/facebook/comments/ald7cg/facebook_has_been_paying_teens_20_a_month_for/;17;;False;Facebook has been paying teens $20 a month for total access to their phone activity - The company‚Äôs research division is installing root certificates on iPhones;https://www.theverge.com/2019/1/29/18202880/facebook-research-enterprise-root-certificate-onavo-techcrunch
1548884189.0;False;alhta8;False;False;t3_alhta8;1;False;/r/facebook/comments/alhta8/apple_blocks_facebook_from_running_its_internal/;3;;False;Apple blocks Facebook from running its internal iOS apps;https://www.theverge.com/2019/1/30/18203551/apple-facebook-blocked-internal-ios-apps
1548863202.0;False;aldxnp;False;False;t3_aldxnp;3;False;/r/facebook/comments/aldxnp/facebook_just_hired_a_handful_of_its_toughest/;5;;False;"Facebook just hired a handful of its toughest privacy critics - EFF's Nate Cardozo once said Facebook ""depends on our collective confusion.""";https://arstechnica.com/tech-policy/2019/01/facebook-just-hired-a-handful-of-its-toughest-privacy-critics/
1548847836.0;False;albsti;False;False;t3_albsti;8;False;/r/facebook/comments/albsti/facebook_paid_teens_to_mine_device_data/;10;;False;Facebook paid teens to mine device data;https://www.bbc.co.uk/news/technology-47053656
1548885013.0;False;alhyjn;False;False;t3_alhyjn;1;False;/r/facebook/comments/alhyjn/two_months_in_facebook_attribution_gets_mixed/;1;;False;Two months in, Facebook Attribution gets mixed reviews;https://marketingland.com/two-months-in-facebook-attribution-gets-mixed-reviews-256076
1548816532.0;False;al847g;True;False;t3_al847g;28;False;/r/facebook/comments/al847g/weekly_questions_thread_january_30_2019_utc/;6;Use this thread to ask questions as part of a trial to introduce a Weekly Questions Thread in /r/Facebook. Remember that discussions about being banned, needing to provide ID and account suspension issues should be directed to the Facebook Help Center as nothing can be done here and these types of posts drown the subreddit. Feedback about this new trial feature is welcome.;False;Weekly Questions Thread - (January 30, 2019 UTC);https://www.reddit.com/r/facebook/comments/al847g/weekly_questions_thread_january_30_2019_utc/
1548716532.0;False;aktc2z;False;False;t3_aktc2z;1;False;/r/facebook/comments/aktc2z/facebook_moves_to_block_ad_transparency_tools/;18;;False;Facebook Moves to Block Ad Transparency Tools ‚Äî Including Ours ‚Äî ProPublica;https://www.propublica.org/article/facebook-blocks-ad-transparency-tools#157210
1548749288.0;False;akxx8e;False;False;t3_akxx8e;0;False;/r/facebook/comments/akxx8e/facebook_introduces_privacy_and_data_use_business/;2;;False;Facebook Introduces ‚ÄúPrivacy and Data Use Business Hub‚Äù to Curb Privacy and Data Breach Activities;https://industrywired.com/facebook-introduces-privacy-and-data-use-business-hub-to-curb-privacy-and-data-breach-activities/
1548695698.0;False;akpk5v;False;False;t3_akpk5v;0;False;/r/facebook/comments/akpk5v/how_facebook_tracks_android_users_even_those/;5;;False;How Facebook tracks Android users, even those without Facebook accounts;https://boingboing.net/2019/01/28/deletefacebookdelete.html
1548708339.0;False;akru0m;False;False;t3_akru0m;1;False;/r/facebook/comments/akru0m/facebook_restricts_campaigners_ability_to_check/;2;;False;Facebook restricts campaigners‚Äô ability to check ads for political transparency - Social media network says the change was part of crackdown on third party plug-ins;https://www.theguardian.com/technology/2019/jan/27/facebook-restricts-campaigners-ability-to-check-ads-for-political-transparency
1548695674.0;False;akpk08;False;False;t3_akpk08;0;False;/r/facebook/comments/akpk08/bruces_all_things_facebook/;2;;False;BruceS ‚Äî All Things Facebook;http://brucesterling.tumblr.com/post/182371861433/all-things-facebook
1548635505.0;False;akhtqb;False;False;t3_akhtqb;0;False;/r/facebook/comments/akhtqb/the_facts_about_facebook/;0;;False;The Facts About Facebook;https://slate.com/culture/2019/01/the-facts-about-facebook-zuckerberg-wall-street-journal.html
1548557835.0;False;ak85sq;False;False;t3_ak85sq;2;False;/r/facebook/comments/ak85sq/advocacy_groups_are_pushing_the_ftc_to_break_up/;9;;False;Advocacy groups are pushing the FTC to break up Facebook;https://www.theverge.com/2019/1/24/18195959/facebook-advocacy-groups-ftc-break-up-cambridge-analytica-scandal-data-breach
1548587156.0;False;akb617;False;False;t3_akb617;0;False;/r/facebook/comments/akb617/zuckerberg_plans_to_integrate_whatsapp_instagram/;1;;False;Zuckerberg Plans to Integrate WhatsApp, Instagram and Facebook Messenger;https://i.redd.it/5x1h4iv47yc21.png
1548449345.0;False;ajtgda;False;False;t3_ajtgda;12;False;/r/facebook/comments/ajtgda/facebook_knowingly_duped_gameplaying_kids_and/;11;;False;Facebook knowingly duped game-playing kids and their parents out of money - orchestrated a multi-year effort that duped children and their parents out of money, in some cases hundreds or even thousands of dollars, and then often refused to give the money back, according to court documents unsealed;https://www.revealnews.org/article/facebook-knowingly-duped-game-playing-kids-and-their-parents-out-of-money/
1548485920.0;False;ajypw5;False;False;t3_ajypw5;0;False;/r/facebook/comments/ajypw5/zuckerberg_to_integrate_whatsapp_instagram_and/;0;;False;Zuckerberg to integrate WhatsApp, Instagram and Facebook Messenger;https://finance.yahoo.com/news/zuckerberg-plans-integrate-whatsapp-instagram-180911462.html
1548429537.0;False;ajq0go;False;False;t3_ajq0go;0;False;/r/facebook/comments/ajq0go/facebook_plans_to_let_messenger_instagram_and/;10;;False;Facebook plans to let Messenger, Instagram, and WhatsApp users message each other;https://www.theverge.com/2019/1/25/18197228/facebook-instagram-whatsapp-merge-messaging-services-mark-zuckerberg
1548395820.0;False;ajm2tr;False;False;t3_ajm2tr;17;False;/r/facebook/comments/ajm2tr/we_dont_sell_peoples_data_mark_zuckerberg/;7;;False;We don‚Äôt sell people‚Äôs data: Mark Zuckerberg;https://www.indiafinancenews.com/we-dont-sell-peoples-data-mark-zuckerberg/
1548376726.0;False;ajjco3;False;False;t3_ajjco3;3;False;/r/facebook/comments/ajjco3/facebook_and_google_need_to_start_paying/;6;;False;Facebook and Google Need to Start Paying Journalists What They Owe Us;https://slate.com/news-and-politics/2019/01/journalists-facebook-google-advertising-monopoly-attack-destroy.html
1548380202.0;False;ajjvgp;False;False;t3_ajjvgp;1;False;/r/facebook/comments/ajjvgp/a_guided_tour_of_the_data_facebook_uses_to_target/;5;;False;A Guided Tour of the Data Facebook Uses to Target Ads;https://www.eff.org/deeplinks/2019/01/guided-tour-data-facebook-uses-target-ads
1548368815.0;False;aji35x;False;False;t3_aji35x;3;False;/r/facebook/comments/aji35x/trust_in_facebook_plummets_after_report_claims_50/;4;;False;Trust in Facebook Plummets After Report Claims 50% of Its Users Are Fake;https://themindunleashed.com/2019/01/facebook-users-fake.html?fbclid=IwAR3lfAIQ9IhnUgq9hEy2dN7uqoLVdjVPdvb1JnBa9O6kNMNJQ4Boezyn-2g
1548353313.0;False;ajf6mg;False;False;t3_ajf6mg;1;False;/r/facebook/comments/ajf6mg/google_facebook_and_microsoft_sponsored_a/;5;;False;Google, Facebook, and Microsoft Sponsored a Conference That Promoted Climate Change Denial;https://www.motherjones.com/politics/2019/01/google-facebook-and-microsoft-sponsored-a-conference-that-promoted-climate-change-denial/
1548351071.0;False;ajes0r;False;False;t3_ajes0r;0;False;/r/facebook/comments/ajes0r/facebook_sold_out_the_internet_secretly_lobbied/;6;;False;Facebook sold out the internet, secretly lobbied IN FAVOUR of upload filters;https://boingboing.net/2019/01/24/quisling-zuckermonsters.html
1548347265.0;False;aje3sx;False;False;t3_aje3sx;0;False;/r/facebook/comments/aje3sx/one_team_of_researchers_led_by_a_former_peer_of/;4;;False;"One team of researchers, led by a former peer of Zuckerberg at Harvard who created one of the original Facebook prototypes: ""Facebook has been lying to the public about the scale of its problem with fake accounts, which likely exceed 50% of its network.""";https://www.plainsite.org/realitycheck/facebook.html
1548339786.0;False;ajcvwz;False;False;t3_ajcvwz;0;False;/r/facebook/comments/ajcvwz/he_reported_on_facebook_now_he_approaches_it_with/;5;;False;He Reported on Facebook. Now He Approaches It With Caution - Nick Confessore, an investigative reporter who has written about social media and data privacy, has changed his tech habits after what he has learned;https://www.nytimes.com/2019/01/23/technology/personaltech/facebook-online-privacy.html
1548352828.0;False;ajf3cd;False;False;t3_ajf3cd;0;False;/r/facebook/comments/ajf3cd/inside_facebooks_fight_against_european_regulation/;1;;False;Inside Facebook‚Äôs fight against European regulation;https://www.politico.eu/article/inside-story-facebook-fight-against-european-regulation/
1548269588.0;False;aj311v;False;False;t3_aj311v;0;False;/r/facebook/comments/aj311v/facebook_settles_scammy_advertising_lawsuit_with/;1;;False;Facebook settles scammy advertising lawsuit with $3.9 million donation and new reporting tool - Cryptos UK;https://cryptosuk.com/facebook-settles-scammy-advertising-lawsuit-with-3-9-million-donation-and-new-reporting-tool/
1548211733.0;False;aiv0nd;True;False;t3_aiv0nd;19;False;/r/facebook/comments/aiv0nd/weekly_questions_thread_january_23_2019_utc/;2;Use this thread to ask questions as part of a trial to introduce a Weekly Questions Thread in /r/Facebook. Remember that discussions about being banned, needing to provide ID and account suspension issues should be directed to the Facebook Help Center as nothing can be done here and these types of posts drown the subreddit. Feedback about this new trial feature is welcome.;False;Weekly Questions Thread - (January 23, 2019 UTC);https://www.reddit.com/r/facebook/comments/aiv0nd/weekly_questions_thread_january_23_2019_utc/
1548191745.0;False;airnhc;False;False;t3_airnhc;0;False;/r/facebook/comments/airnhc/hey_zuck_youre_no_oprah/;2;;False;Hey, Zuck. You're no Oprah;https://www.zdnet.com/article/hey-zuck-youre-no-oprah/
1548195322.0;False;aisb8i;False;False;t3_aisb8i;0;False;/r/facebook/comments/aisb8i/new_in_facebook_stories_now_you_can_share_your/;1;;False;New in Facebook Stories. Now you can share your upcoming events with friends! ‚Ä¢ Facetflow.com - Life is a game !;http://facetflow.com/2019/01/new-in-facebook-stories-now-you-can-share-your-upcoming-events-with-friends/
1548088181.0;False;aibq9e;False;False;t3_aibq9e;6;False;/r/facebook/comments/aibq9e/no_facebook_is_not_listening_to_your_conversations/;15;;False;No, Facebook is not listening to your conversations;https://manuel.friger.io/blog/facebook-listening-conversations
1548070821.0;False;ai9cgs;False;False;t3_ai9cgs;1;False;/r/facebook/comments/ai9cgs/facebook_launches_petition_feature_facebook_will/;10;;False;"Facebook launches petition feature: ""Facebook will now let you make political demands. Facebook will encounter a slew of fresh complexities with the launch of Community Actions, its News Feed petition feature. Community Actions could unite neighbors to request change""";https://techcrunch.com/2019/01/20/facebook-community-actions/
1548093322.0;False;aicnrm;False;False;t3_aicnrm;0;False;/r/facebook/comments/aicnrm/facebook_is_reportedly_testing_solarpowered/;1;;False;Facebook is reportedly testing solar-powered internet drones again ‚Äî this time with Airbus;https://techcrunch.com/2019/01/21/facebook-airbus-solar-drones-internet-program/
1547965831.0;False;ahv1sp;False;False;t3_ahv1sp;0;False;/r/facebook/comments/ahv1sp/for_facebook_group_admins_who_have_seen_a_drop_in/;12;;False;For Facebook group admins who have seen a drop in the member count recently;https://twitter.com/saranshk/status/1086869158787072005
1547837244.0;False;ahdm0n;False;False;t3_ahdm0n;0;False;/r/facebook/comments/ahdm0n/facebooks_internal_documents_about_how_it_made/;5;;False;Facebook's internal documents about how it made money off children to be releasedReveal;https://www.revealnews.org/blog/a-judge-unsealed-a-trove-of-internal-facebook-documents-following-our-legal-action/
1547844325.0;False;ahesyw;False;False;t3_ahesyw;1;False;/r/facebook/comments/ahesyw/us_regulators_discuss_fining_facebook_for_privacy/;2;;False;U.S. regulators discuss fining Facebook for privacy violations: report;https://www.reuters.com/article/us-facebook-data/u-s-regulators-discuss-fining-facebook-for-privacy-violations-report-idUSKCN1PC2EN?il=0
1547832475.0;False;ahcsh7;False;False;t3_ahcsh7;1;False;/r/facebook/comments/ahcsh7/how_russia_used_facebook_to_expand_the_kremlins/;0;;False;How Russia used Facebook to expand the Kremlin's messaging;https://abcnews.go.com/Business/russia-facebook-expand-kremlins-messaging/story?id=60445181
1547741861.0;False;agzd9b;False;False;t3_agzd9b;0;False;/r/facebook/comments/agzd9b/facebook_removes_hundreds_of_pages_linked_to/;3;;False;Facebook removes hundreds of pages 'linked to Russian site';https://www.theguardian.com/technology/2019/jan/17/facebook-removes-hundred-of-pages-allegedly-linked-to-russian-site-sputnik
1547693785.0;False;agt9og;False;False;t3_agt9og;0;False;/r/facebook/comments/agt9og/in_the_past_8_years_facebook_dominate_the_social/;3;;False;In the past 8 years facebook dominate the social media;https://youtu.be/Sde-xU8dxj0
1547664797.0;False;agocv0;False;False;t3_agocv0;0;False;/r/facebook/comments/agocv0/most_users_still_dont_know_how_facebook/;7;;False;Most Users Still Don't Know How Facebook Advertising Works;https://www.wired.com/story/facebook-ads-pew-survey/
1547673049.0;False;agputd;False;False;t3_agputd;1;False;/r/facebook/comments/agputd/a_wise_man_leaves_facebook_new_york_times_opinion/;2;;False;A Wise Man Leaves Facebook ‚Äì New York Times Opinion ‚Äì Medium;https://medium.com/new-york-times-opinion/a-wise-man-leaves-facebook-f40a246a5b36
1547664461.0;False;agoatj;False;False;t3_agoatj;1;False;/r/facebook/comments/agoatj/make_your_portal_actually_private_by_design_with/;1;;False;"Make your Portal actually ""Private By Design"" with this $20 gadget.";https://www.amazon.com/dp/B014SGCN88/
1547606933.0;False;aggmsf;True;False;t3_aggmsf;42;False;/r/facebook/comments/aggmsf/weekly_questions_thread_january_16_2019_utc/;2;Use this thread to ask questions as part of a trial to introduce a Weekly Questions Thread in /r/Facebook. Remember that discussions about being banned, needing to provide ID and account suspension issues should be directed to the Facebook Help Center as nothing can be done here and these types of posts drown the subreddit. Feedback about this new trial feature is welcome.;False;Weekly Questions Thread - (January 16, 2019 UTC);https://www.reddit.com/r/facebook/comments/aggmsf/weekly_questions_thread_january_16_2019_utc/
1547477296.0;False;afwhef;False;False;t3_afwhef;0;False;/r/facebook/comments/afwhef/how_facebook_may_be_training_facial_recognition/;21;;False;How Facebook may be training facial recognition using a popular meme;https://medium.com/@billhd/sharing-in-the-age-of-platforms-and-machine-learning-public-data-vs-630d4bd26b30?fbclid=IwAR1Wlz48aaSw1agmaZAs5pz9z5ee5-Wfj5M5ud96WIo8uJZEHNqFLbjPMyA
1547391399.0;False;afk0pv;False;False;t3_afk0pv;1;False;/r/facebook/comments/afk0pv/facebook_tiktok_instagram_snapchat_and_vigo_video/;7;;False;Facebook, TikTok, Instagram, Snapchat, and Vigo Video were the top 5 social apps installed in 2018;https://ppc.land/facebook-tiktok-instagram-sanpchat-and-vigo-video-are-the-top-5-social-apps-installed-in-2018/
1547366507.0;False;afhbe9;False;False;t3_afhbe9;2;False;/r/facebook/comments/afhbe9/boyfriend_stabbed_man_in_chest_for_sending_his/;4;;False;Boyfriend stabbed man in chest for sending his partner Facebook friend request;https://www.mirror.co.uk/news/uk-news/boyfriend-stabbed-man-chest-sending-13846240
1547288088.0;False;af6549;False;False;t3_af6549;0;False;/r/facebook/comments/af6549/an_update_on_facebooks_smear_campaign_against/;11;;False;An Update on Facebook‚Äôs Smear Campaign Against Critics;https://www.eff.org/deeplinks/2019/01/update-facebooks-smear-campaign-against-critics
1547048460.0;False;ae7zmn;False;False;t3_ae7zmn;1;False;/r/facebook/comments/ae7zmn/build_a_personal_facebook_messenger_bot_in_10/;3;;False;Build a Personal Facebook Messenger Bot in 10 minutes with Nodejs and Standard Library;https://hackernoon.com/build-a-personal-facebook-messenger-bot-in-10-minutes-a7a237f3f018
1547032619.0;False;ae5w7r;False;False;t3_ae5w7r;0;False;/r/facebook/comments/ae5w7r/the_relationship_between_instagram_facebook/;4;;False;The Relationship between Instagram & Facebook;https://instazood.com/the-relationship-between-instagram-facebook/
1547002133.0;False;ae2bhc;True;False;t3_ae2bhc;37;False;/r/facebook/comments/ae2bhc/weekly_questions_thread_january_09_2019_utc/;9;Use this thread to ask questions as part of a trial to introduce a Weekly Questions Thread in /r/Facebook. Remember that discussions about being banned, needing to provide ID and account suspension issues should be directed to the Facebook Help Center as nothing can be done here and these types of posts drown the subreddit. Feedback about this new trial feature is welcome.;False;Weekly Questions Thread - (January 09, 2019 UTC);https://www.reddit.com/r/facebook/comments/ae2bhc/weekly_questions_thread_january_09_2019_utc/
1547043832.0;False;ae7a6y;False;False;t3_ae7a6y;0;False;/r/facebook/comments/ae7a6y/new_bot_enables_millions_to_send_and_receive/;1;;False;New Bot Enables Millions to Send and Receive Cryptocurrencies on Facebook Messenger;https://cointelegraph.com/news/new-bot-enables-millions-to-send-and-receive-cryptocurrencies-on-facebook-messenger
1546989746.0;False;ae0c1c;False;False;t3_ae0c1c;10;False;/r/facebook/comments/ae0c1c/facebook_ceo_plans_public_debates_about_tech_for/;13;;False;Facebook CEO plans public debates about tech for 2019 personal challenge;https://www.reuters.com/article/us-facebook-zuckerberg/facebook-ceo-plans-public-debates-about-tech-for-2019-personal-challenge-idUSKCN1P22C8
1546973220.0;False;adxi3u;False;False;t3_adxi3u;5;False;/r/facebook/comments/adxi3u/inside_facebooks_cultlike_workplace_where_dissent/;18;;False;Inside Facebook's 'cult-like' workplace, where dissent is discouraged and employees pretend to be happy all the time;https://www.cnbc.com/2019/01/08/facebook-culture-cult-performance-review-process-blamed.html
1547008393.0;False;ae3824;False;False;t3_ae3824;0;False;/r/facebook/comments/ae3824/opinion_what_7_creepy_patents_reveal_about/;0;;False;[Opinion] What 7 Creepy Patents Reveal About Facebook;https://www.nytimes.com/interactive/2018/06/21/opinion/sunday/facebook-patents-privacy.html
1546945320.0;False;adt6bd;False;False;t3_adt6bd;0;False;/r/facebook/comments/adt6bd/nasdaq_crypto_exchange_to_tokenize_us_stocks_like/;3;;False;Nasdaq: Crypto Exchange to Tokenize US Stocks Like Tesla, Facebook and Apple;https://www.thecoinrepublic.com/nasdaq-crypto-exchange-to-tokenize-us-stocks-like-tesla-facebook-and-apple/
1546546997.0;False;ac9ris;False;False;t3_ac9ris;0;False;/r/facebook/comments/ac9ris/facebook_stock_is_extremely_undervalued/;5;;False;Facebook Stock is Extremely‚Äã Undervalued;https://www.youtube.com/watch?v=F60rzPY0k9c&t=33s
1546516522.0;False;ac51he;False;False;t3_ac51he;0;False;/r/facebook/comments/ac51he/judge_dismisses_the_staged_san_bernardino/;7;;False;Judge dismisses the Staged San Bernardino Shooting #FalseFlag lawsuits against Facebook, Google, and Twitter;https://www.businessinsider.com/r-san-bernardino-shooting-lawsuits-vs-facebook-google-twitter-dismissed-2019-1
1546531934.0;False;ac74k3;False;False;t3_ac74k3;0;False;/r/facebook/comments/ac74k3/warn_your_friends_they_cant_bypass_facebook_with/;2;;False;Warn your friends they can‚Äôt bypass Facebook with this hoax;https://nakedsecurity.sophos.com/2019/01/03/warn-your-friends-they-cant-bypass-facebook-with-this-hoax/
1546397332.0;False;abp1n8;True;False;t3_abp1n8;35;False;/r/facebook/comments/abp1n8/weekly_questions_thread_january_02_2019_utc/;4;Use this thread to ask questions as part of a trial to introduce a Weekly Questions Thread in /r/Facebook. Remember that discussions about being banned, needing to provide ID and account suspension issues should be directed to the Facebook Help Center as nothing can be done here and these types of posts drown the subreddit. Feedback about this new trial feature is welcome.;False;Weekly Questions Thread - (January 02, 2019 UTC);https://www.reddit.com/r/facebook/comments/abp1n8/weekly_questions_thread_january_02_2019_utc/
