created_utc;edited;id;is_self;locked;name;num_comments;over_18;permalink;score;selftext;spoiler;title;url
1553459688.0;False;b516ld;False;False;t3_b516ld;51;False;/r/Maps/comments/b516ld/map_showing_the_literal_translation_of_country/;169;;False;Map showing the literal translation of country names.;https://i.redd.it/8v0emknon4o21.jpg
1553354769.0;False;b4kcgy;False;False;t3_b4kcgy;30;False;/r/Maps/comments/b4kcgy/anyone_know_what_time_period_this_map_depicts/;107;;False;Anyone know what time period this map depicts?;https://i.redd.it/c4pb90upzvn21.jpg
1553327171.0;False;b4gj6v;False;False;t3_b4gj6v;1;False;/r/Maps/comments/b4gj6v/best_to_see_in_canary_islands/;11;;False;Best to see in Canary Islands;https://i.redd.it/dy0naaxkptn21.jpg
1553321366.0;False;b4fsg2;False;False;t3_b4fsg2;6;False;/r/Maps/comments/b4fsg2/ancient_japanese_map_1656_bc/;40;;False;Ancient Japanese Map 1656 b.C.;https://i.redd.it/tolb1sje8tn21.jpg
1553303586.0;False;b4d4ym;False;False;t3_b4d4ym;0;False;/r/Maps/comments/b4d4ym/the_first_map_of_roanoke_island/;1;;False;The First Map of Roanoke Island;https://historymash.com/2019/03/17/the-first-map-of-roanoke-island/
1553299859.0;False;b4ciog;False;False;t3_b4ciog;14;False;/r/Maps/comments/b4ciog/is_there_a_way_to_find_this_map_scale/;52;;False;Is there a way to find this map scale?;https://i.redd.it/gzzymltfgrn21.jpg
1553294332.0;False;b4bj4e;False;False;t3_b4bj4e;2;False;/r/Maps/comments/b4bj4e/arkansas_rotated_90_degrees_looks_similar_to/;0;;False;Arkansas rotated 90 degrees looks similar to Nevada, kinda neat;https://i.redd.it/9jtm7ev00rn21.jpg
1553291677.0;False;b4b0tc;False;False;t3_b4b0tc;0;False;/r/Maps/comments/b4b0tc/hampton_county_south_carolina/;0;;False;Hampton county south Carolina;https://i.redd.it/f293vng4sqn21.jpg
1553280114.0;False;b48qly;True;False;t3_b48qly;5;False;/r/Maps/comments/b48qly/any_idea_what_this_line_represents/;1;Hello, There is no legend for this map. This is from [Alltrails.com](https://Alltrails.com) and the hike is Mountain Springs Trail in Nevada. Does anyone know what this black line running through the middle of the map w/ dashes on one side represents? Thank you https://i.redd.it/kyi1ayjptpn21.png;False;Any idea what this line represents?;https://www.reddit.com/r/Maps/comments/b48qly/any_idea_what_this_line_represents/
1553251628.0;False;b43lcx;False;False;t3_b43lcx;0;False;/r/Maps/comments/b43lcx/map_western_overseas_territories/;3;;False;Map : Western Overseas Territories;http://mindthemap.fr/territoires-doutre-mer/
1553242724.0;False;b42gec;False;False;t3_b42gec;1;False;/r/Maps/comments/b42gec/mapbag/;8;;False;Mapbag;https://i.redd.it/zajhaacsxhn21.jpg
1553238918.0;False;b41yuw;False;False;t3_b41yuw;8;False;/r/Maps/comments/b41yuw/this_always_fascinated_me_india_gained/;67;;False;This always fascinated me. India gained independence in 1947 and Maharashtra a state within the Indian Subcontinent came into existence in 1960. Now the territorial map of Maharashtra resembles the Indian Peninsula and the North-Eastern States. There is a gap where Bangladesh exists too. Uncanny!;https://i.redd.it/4nfuo4u5fmn21.png
1553235423.0;False;b41ii7;False;False;t3_b41ii7;10;False;/r/Maps/comments/b41ii7/all_countries_have_coastline_now/;16;;False;All countries have coastline now.;https://i.redd.it/rel3nteu4mn21.jpg
1553222672.0;False;b3zo6v;False;False;t3_b3zo6v;0;False;/r/Maps/comments/b3zo6v/how_do_you_pixel_map_on_a_phone_i_cant_figure_out/;7;;False;How do you pixel map on a phone? I can't figure out how the hell you're supposed to do it. Here's a map on my discord nation RP.;https://i.redd.it/oqj7zhux2ln21.png
1553197065.0;False;b3uyc2;True;False;t3_b3uyc2;0;False;/r/Maps/comments/b3uyc2/high_resolution_faerun_map/;1;I am looking for a blank (no names) map of Faerun. Does anyone know if it exsists?;False;High Resolution Faerun Map;https://www.reddit.com/r/Maps/comments/b3uyc2/high_resolution_faerun_map/
1553194381.0;False;b3uemf;False;False;t3_b3uemf;5;False;/r/Maps/comments/b3uemf/what_do_you_call_this_type_of_map/;21;;False;What do you call this type of map?;https://upload.wikimedia.org/wikipedia/commons/thumb/9/91/Battlefields_in_the_Russo_Japanese_War.jpg/800px-Battlefields_in_the_Russo_Japanese_War.jpg
1553187479.0;False;b3syup;False;False;t3_b3syup;1;False;/r/Maps/comments/b3syup/european_union_population_distribution_by_super/;3;;False;"European Union population distribution by ""super"" regions";http://mindthemap.fr/eu-population-distribution-by-super-regions/
1553174537.0;False;b3qgq8;False;False;t3_b3qgq8;32;False;/r/Maps/comments/b3qgq8/strangely_similarlooking_islandpeninsula/;170;;False;Strangely similar-looking island/peninsula countries compared at the same latitude;https://i.redd.it/crjaebq93hn21.png
1553132136.0;False;b3ki6i;False;False;t3_b3ki6i;1;False;/r/Maps/comments/b3ki6i/historical_map_of_the_roman_empire_at_its_height/;13;;False;Historical map of the Roman Empire at its height, 117 AD.;https://i.redd.it/ohsyv82qldn21.png
1553103771.0;False;b3ez59;True;False;t3_b3ez59;0;False;/r/Maps/comments/b3ez59/software_for_maps_with_annotations/;1;At work we use Delorme Street Atlas to create map images with the locations of a client's offices on them for our reports. Delorme's pretty old now and we're looking for a replacement. What we need is something that looks like a map (not a satellite view) that we can mark up and put annotations at multiple location on it. I've looked at Google Maps, but it wasn't really what we're looking for. Any suggestions? [**Here**](https://imgur.com/yn3vFA3) is the sort of thing we're doing now with Street Atlas. Thanks!;False;Software for Maps with Annotations;https://www.reddit.com/r/Maps/comments/b3ez59/software_for_maps_with_annotations/
1553094518.0;False;b3d549;False;False;t3_b3d549;10;False;/r/Maps/comments/b3d549/the_town_of_redditt_in_ontario_canada/;168;;False;The town of Redditt in Ontario, Canada;https://i.redd.it/zt6rjdbvhan21.jpg
1553091410.0;False;b3ck09;False;False;t3_b3ck09;0;False;/r/Maps/comments/b3ck09/map_maghreb_a_crossroads_between_europe_and_africa/;10;;False;Map : Maghreb : a crossroads between Europe and Africa;http://mindthemap.fr/maghreb-carrefour/
1553040800.0;False;b352xp;False;False;t3_b352xp;10;False;/r/Maps/comments/b352xp/eurasia/;24;;False;Eurasia;https://imgur.com/a/zGJuuRr
1552936587.0;False;b2ms8z;False;False;t3_b2ms8z;3;False;/r/Maps/comments/b2ms8z/cool_video_about_nyc/;88;;False;Cool Video About NYC;https://youtu.be/f6U7YFPrz6Y
1552844110.0;False;b27n14;False;False;t3_b27n14;4;False;/r/Maps/comments/b27n14/6_in_10_new_jersey_residents_live_near_a_tonys/;57;;False;6 in 10 New Jersey residents live near a ‚ÄúTony‚Äôs‚Äù pizza.;https://medium.com/@kevinrmcelwee/6-in-10-new-jersey-residents-live-near-a-tonys-pizza-537073400c2a
1552806315.0;False;b22mmu;False;False;t3_b22mmu;4;False;/r/Maps/comments/b22mmu/map_of_southeast_europe_to_anger_everyone_from/;2;;False;Map of Southeast Europe to Anger Everyone from Southeast Europe;https://i.redd.it/jutal84pomm21.png
1552782441.0;False;b1zci5;False;False;t3_b1zci5;30;False;/r/Maps/comments/b1zci5/wikipedia_has_an_alternative_view_of_the_worlds/;71;;False;Wikipedia has an alternative view of the world's countries...;https://upload.wikimedia.org/wikipedia/commons/1/13/Wallpaper-world-map-2006-large.JPG
1552778382.0;False;b1yp45;False;False;t3_b1yp45;2;False;/r/Maps/comments/b1yp45/why_does_my_map_display_islands_off_the_coast_of/;7;;False;Why does my map display islands off the coast of the U.S. as a different color? It shows the same for islands off the coast of Maine, Florida, and Louisiana;https://i.redd.it/8dbe1metdkm21.jpg
1552762272.0;False;b1vt1e;False;False;t3_b1vt1e;0;False;/r/Maps/comments/b1vt1e/the_handy_map_of_colorado/;14;;False;The Handy Map of Colorado;https://i.redd.it/qykm795x1jm21.png
1552725805.0;False;b1qchi;False;False;t3_b1qchi;3;False;/r/Maps/comments/b1qchi/this_map_of_the_greater_copenhagen_metropolitan/;25;;False;This map of the Greater Copenhagen Metropolitan Area Looks like an alternate Universe Denmark.;https://i.redd.it/331pga941gm21.png
1552721144.0;False;b1pusn;False;False;t3_b1pusn;61;False;/r/Maps/comments/b1pusn/a_ww2_map_of_ireland_to_deter_invaders/;684;;False;A WW2 map of Ireland to deter invaders.;https://i.redd.it/cosr932nnfm21.jpg
1552686321.0;False;b1knfc;True;False;t3_b1knfc;0;False;/r/Maps/comments/b1knfc/looking_for_a_certain_type_of_map/;2;Does anyone know of an online, interactive topo map that would allow you to highlight areas above/below certain elevations? Thanks!;False;Looking for a certain type of map;https://www.reddit.com/r/Maps/comments/b1knfc/looking_for_a_certain_type_of_map/
1552684280.0;False;b1k9pw;True;False;t3_b1k9pw;2;False;/r/Maps/comments/b1k9pw/current_project_create_panorama_of_mountain_range/;1;I have started a project for a local resort. End result is a panorama scape of the mountain ranges visible from the peak to locate and indicate what guests can see. All relevant information has been collected, the last step is digitizing the ranges. I just have to get a good looking picture to work with. Tried photos, google earth.This is the first time I am attempting something like this. If anyones got an idea for me id appreciate the help. Or maybe theres a better sub for this?;False;Current Project : Create Panorama of mountain range with indicators.;https://www.reddit.com/r/Maps/comments/b1k9pw/current_project_create_panorama_of_mountain_range/
1552672740.0;False;b1i143;True;False;t3_b1i143;0;False;/r/Maps/comments/b1i143/help_finding_high_resolution_maps_of_budapest/;2;I‚Äôm doing a research project for my geography class where I need to compare maps of Budapest in the past and present to see the growth of the city.I have been searching everywhere for an urban planning map of Budapest from anytime from the 1960‚Äôs to 1990. I‚Äôve searched on the city of Budapest‚Äôs map and planning resources, map databases online, and am struggling to find anything.If anyone can direct me to a map from this time period or point me in the direction of somewhere I could find one online, I would really appreciate it. ;False;Help finding high resolution maps of Budapest online.;https://www.reddit.com/r/Maps/comments/b1i143/help_finding_high_resolution_maps_of_budapest/
1552649370.0;False;b1dryf;False;False;t3_b1dryf;22;False;/r/Maps/comments/b1dryf/i_see_your_antiisland_propaganda_and_i_raise_you/;287;;False;I see your anti-island propaganda, and I raise you this.;https://i.redd.it/0lkj0gk5q9m21.png
1552649252.0;False;b1drd1;False;False;t3_b1drd1;0;False;/r/Maps/comments/b1drd1/random_map_of_a_few_imaginary_city_blocks_it_was/;11;;False;Random map of a few imaginary city blocks. It was doodle time....;https://i.redd.it/i58ne39vp9m21.jpg
1552624965.0;False;b1ajrl;False;False;t3_b1ajrl;1;False;/r/Maps/comments/b1ajrl/this_map_shows_the_location_of_the_north_magnetic/;8;;False;This map shows the location of the north magnetic pole (white star) and the magnetic declination (contour interval 2 degrees) at the beginning of 2019. Courtesy of NOAA NCEI/CIRES.;https://www.ncei.noaa.gov/sites/default/files/wmm-2019-map-no-text_2.jpg
1552593075.0;False;b14vpd;False;False;t3_b14vpd;5;False;/r/Maps/comments/b14vpd/no_islands_in_asia/;7;;False;No islands in Asia.;https://i.redd.it/hoa5upps25m21.jpg
1552592461.0;False;b14r40;False;False;t3_b14r40;25;False;/r/Maps/comments/b14r40/no_islands_in_europe/;78;;False;No islands in Europe.;https://i.redd.it/bkhpjfdz05m21.jpg
1552586949.0;False;b13n1k;True;False;t3_b13n1k;2;False;/r/Maps/comments/b13n1k/can_anyone_provide_any_information_on_this_globe/;1;My coworker bought this globe from TJ Max and we‚Äôre stumped as to what time period this map comes from/what all the towers around the map mean. I looked up ‚ÄúChilaga‚Äù and it said it was a mythical place. I find it weird that a globe like this would be sold as a decorative piece. Is this a commonly known map?https://imgur.com/a/ffpimZA;False;Can anyone provide any information on this globe?;https://www.reddit.com/r/Maps/comments/b13n1k/can_anyone_provide_any_information_on_this_globe/
1552575938.0;False;b11eau;False;False;t3_b11eau;3;False;/r/Maps/comments/b11eau/international_recognition_of_israel/;16;;False;International recognition of Israel;https://i.redd.it/d99ipyvtn3m21.jpg
1552561643.0;False;b0z0ed;False;False;t3_b0z0ed;1;False;/r/Maps/comments/b0z0ed/rkorea_choson_dynasty_map_of_korea/;38;;False;r/korea ~ Choson dynasty map of Korea;https://i.redd.it/tfrhf4a0nvl21.jpg
1552524129.0;False;b0tte3;False;False;t3_b0tte3;21;False;/r/Maps/comments/b0tte3/someone_at_my_school_painted_this/;116;;False;Someone at my school painted this;https://i.redd.it/kks2q07tdzl21.jpg
1552521666.0;False;b0tdig;False;False;t3_b0tdig;38;False;/r/Maps/comments/b0tdig/worldwide_driving_orientation_by_country/;112;;False;Worldwide driving orientation by country;https://i.redd.it/zo35ldfh6zl21.jpg
1552521071.0;False;b0t9ox;False;False;t3_b0t9ox;0;False;/r/Maps/comments/b0t9ox/how_to_date_a_map_by_decade_a_video_i_made_for_fun/;3;;False;How to Date a Map by Decade- A video I made for fun;https://www.youtube.com/watch?v=oen_po3Sysc
1552519558.0;False;b0szoq;False;False;t3_b0szoq;12;False;/r/Maps/comments/b0szoq/languages_of_europe/;40;;False;Languages of Europe;https://i.redd.it/2atw3bh60zl21.png
1552487427.0;False;b0mnkd;False;False;t3_b0mnkd;0;False;/r/Maps/comments/b0mnkd/how_central_asia_should_look/;0;;False;How Central Asia should look.;https://i.redd.it/oesg7fwncwl21.jpg
1552466731.0;False;b0joeq;False;False;t3_b0joeq;5;False;/r/Maps/comments/b0joeq/my_handdrawn_map_of_jr_yamanote_line_to_get/;39;;False;My hand-drawn map of JR Yamanote line to get acquainted with Tokyo before actually goong there. Hope you like it!;https://i.redd.it/3xoriws4nul21.jpg
1552456475.0;False;b0ig7v;False;False;t3_b0ig7v;5;False;/r/Maps/comments/b0ig7v/how_middle_east_should_look/;0;;False;How Middle east should look.;https://i.redd.it/im0endcmstl21.jpg
1552437586.0;False;b0fjoz;False;False;t3_b0fjoz;3;False;/r/Maps/comments/b0fjoz/washington_territory_1865/;64;;False;Washington Territory, 1865;https://i.redd.it/og2xljrf8sl21.jpg
1552427906.0;False;b0dpdh;False;False;t3_b0dpdh;4;False;/r/Maps/comments/b0dpdh/just_fuck_me_up_fam/;3;;False;Just fuck me up fam;https://i.redd.it/fu75g904uol21.jpg
1552419988.0;False;b0c56h;False;False;t3_b0c56h;7;False;/r/Maps/comments/b0c56h/number_of_people_voting_in_2019_general_elections/;38;;False;Number of people voting in 2019 General elections in India per states, as compared to other democracies.;https://i.redd.it/9kt7go62sql21.png
1552410568.0;False;b0a9l5;False;False;t3_b0a9l5;16;False;/r/Maps/comments/b0a9l5/how_europe_should_look/;0;;False;How Europe should look.;https://i.redd.it/e1w4sqr30ql21.jpg
1552367786.0;False;b03wlp;True;False;t3_b03wlp;3;False;/r/Maps/comments/b03wlp/brexit_curcial_month/;0;March is expected to be a crucial month for global markets with UK parliament voting on [Britain‚Äôs exit](https://www.maptrove.ca/country-maps/united-kingdom/scottish-catalan-european-union-2019-post-brexit-wall-map.html) from the European Union while the Fed holds its policy meeting, which could yield clues on plans for future rate hikes and balance sheet reduction.[Post - Brexit Map](https://i.redd.it/06yy5k2vgml21.jpg);False;Brexit - Curcial Month;https://www.reddit.com/r/Maps/comments/b03wlp/brexit_curcial_month/
1552349956.0;False;b01199;False;False;t3_b01199;6;False;/r/Maps/comments/b01199/1860_map_of_washington_territory_usa/;54;;False;1860 map of Washington Territory, USA;https://i.redd.it/4mgxegytzkl21.jpg
1552320734.0;False;azv8tv;False;False;t3_azv8tv;0;False;/r/Maps/comments/azv8tv/iran_vs_saudi_arabia_an_arm_wrestling_match/;1;;False;Iran vs. Saudi Arabia : an arm wrestling match;http://mindthemap.fr/bras-de-fer-arabie-saoudite-iran/
1552290381.0;False;azqmfx;False;False;t3_azqmfx;15;False;/r/Maps/comments/azqmfx/looks_good_to_me/;166;;False;Looks good to me;https://i.redd.it/9r29mesq2gl21.jpg
1552273973.0;False;azo7vr;False;False;t3_azo7vr;2;False;/r/Maps/comments/azo7vr/does_anyone_know_what_atlas_this_map_comes_from/;2;;False;Does anyone know what atlas this map comes from?;https://i.redd.it/oqiltydxpel21.jpg
1552254929.0;False;azkztt;False;False;t3_azkztt;4;False;/r/Maps/comments/azkztt/trashtag_is_trending_but_we_dont_need_hashtags/;41;;False;#TrashTag is trending but we don‚Äôt need hashtags - what we need is to embrace exceptionally high quality open data that can be used for any purpose eg science, policy, etc;https://i.redd.it/blwi7yw75dl21.jpg
1552223138.0;False;azfgej;True;False;t3_azfgej;1;False;/r/Maps/comments/azfgej/we_were_always_wrong/;12;"&#x200B;https://i.redd.it/pzu97cmsial21.jpg";False;We were always wrong...;https://www.reddit.com/r/Maps/comments/azfgej/we_were_always_wrong/
1552162434.0;False;az7kac;False;False;t3_az7kac;5;False;/r/Maps/comments/az7kac/truly_shocking_i_know/;26;;False;Truly Shocking, I Know;https://i.redd.it/4v3w11zai5l21.jpg
1552162181.0;False;az7ipu;False;False;t3_az7ipu;22;False;/r/Maps/comments/az7ipu/england_has_too_many_accents/;123;;False;England Has Too Many Accents;https://i.redd.it/8iro1s1kh5l21.jpg
1552159901.0;False;az743u;False;False;t3_az743u;1;False;/r/Maps/comments/az743u/regional_map_of_wines_of_frances_from_a_wine_bar/;17;;False;Regional map of wines of Frances from a wine bar a friend has taken me to in Menton;https://i.redd.it/ssq25kgra5l21.jpg
1552131251.0;False;az2mjn;False;False;t3_az2mjn;6;False;/r/Maps/comments/az2mjn/latin_america_population_density_absolute_amount/;52;;False;Latin america, population density, absolute amount;https://i.redd.it/8wvgi9pgx2l21.jpg
1552118890.0;False;az195w;False;False;t3_az195w;8;False;/r/Maps/comments/az195w/the_austrohungarian_empire_in_1914/;21;;False;The Austro-Hungarian Empire in 1914;https://i.redd.it/wl6645btw1l21.png
1552098592.0;False;ayym10;False;False;t3_ayym10;16;False;/r/Maps/comments/ayym10/us_equal_population_map/;99;;False;US Equal Population Map;https://i.redd.it/6wxq2v9y60l21.jpg
1552083593.0;False;ayw5gd;False;False;t3_ayw5gd;1;False;/r/Maps/comments/ayw5gd/handdrawn_map_of_fort_johnson_in_davenport_iowa/;6;;False;Hand-drawn map of Fort Johnson in Davenport, Iowa, during the War of 1812. Made shortly after the Battle of Credit Island in September 1814.;https://upload.wikimedia.org/wikipedia/commons/0/01/Map_of_Fort_Johnson_at_Davenport%2C_Iowa%2C_built_by_Capt._James_Callaway_after_the_battle_of_Credit_Island%2C_September_5-6%2C_1814.jpg
1552048588.0;False;aypsp1;False;False;t3_aypsp1;0;False;/r/Maps/comments/aypsp1/historical_map_of_scotland/;6;;False;Historical map of Scotland;https://i.redd.it/tlhr3tcr3wk21.jpg
1552048173.0;False;aypqk4;False;False;t3_aypqk4;35;False;/r/Maps/comments/aypqk4/most_liberal_and_most_conservative_towns_in_each/;111;;False;Most Liberal And Most Conservative Towns In Each State;https://i.redd.it/s0cvjisi2wk21.jpg
1552037025.0;False;ayobit;False;False;t3_ayobit;0;False;/r/Maps/comments/ayobit/the_atlas_of_inequality/;7;;False;The Atlas of Inequality;https://inequality.media.mit.edu
1551977185.0;False;ayeo79;False;False;t3_ayeo79;0;False;/r/Maps/comments/ayeo79/from_google_maps_to_3d_map_in_photoshop_3d_map/;3;;False;From Google Maps to 3D Map in Photoshop - 3D Map Generator - Atlas;https://www.youtube.com/watch?v=Plcyi5KvCl8
1551948575.0;False;ayaif0;False;False;t3_ayaif0;9;False;/r/Maps/comments/ayaif0/relief_map_of_southeastern_australia/;162;;False;Relief Map of Southeastern Australia;https://i.redd.it/hib4v5vbunk21.jpg
1551947656.0;False;ayaf5p;False;False;t3_ayaf5p;0;False;/r/Maps/comments/ayaf5p/orang_m_a_p/;4;;False;ORANG M A P;https://i.redd.it/opnyfhyapnk21.jpg
1551928577.0;False;ay7vll;False;False;t3_ay7vll;6;False;/r/Maps/comments/ay7vll/gps_tracked_map_of_an_eagles_1year_flight_path/;55;;False;GPS Tracked Map Of An Eagle's 1-Year Flight Path;https://i.redd.it/p4wa60hf6mk21.jpg
1551911132.0;False;ay4w1o;False;False;t3_ay4w1o;1;False;/r/Maps/comments/ay4w1o/lime_scooters_webpage_making_up_for_all_those/;4;;False;Lime Scooter's webpage making up for all those NZless maps;https://imgur.com/p71LnOL
1551910220.0;False;ay4pl9;True;False;t3_ay4pl9;0;False;/r/Maps/comments/ay4pl9/help_with_thermal_imaging_maps/;2;I see there are quite a few satellites out there that do thermal imaging. I was wondering if anyone here has had experience with this? A friend was able to get decently far but it is fairly complex to read the data.  Eventually we want to script it out for a few lakes and would be willing to pay for help. ;False;Help with thermal imaging maps;https://www.reddit.com/r/Maps/comments/ay4pl9/help_with_thermal_imaging_maps/
1551902684.0;False;ay3871;False;False;t3_ay3871;13;False;/r/Maps/comments/ay3871/corruption_change_in_europe_according_to/;55;;False;Corruption change in Europe according to Transparency International (2015-2018);https://i.redd.it/57q2zcsl1kk21.png
1551902127.0;False;ay347g;False;False;t3_ay347g;2;False;/r/Maps/comments/ay347g/a_beautiful_map_that_i_made_in_class/;3;;False;A beautiful map that I made in class;https://i.redd.it/2z2ss1t90kk21.jpg
1551894008.0;False;ay1j45;True;False;t3_ay1j45;5;False;/r/Maps/comments/ay1j45/sos_to_map_making_experts/;1;I need to put together a regional map that shows approximately 100 locations with varying symbols to represent different segments. This map will need to be printable in a large format. I have scoped out several online tools but none have quite hit the mark for my needs. Any recommendations to what resources to use?? ;False;SOS to Map Making Experts;https://www.reddit.com/r/Maps/comments/ay1j45/sos_to_map_making_experts/
1551889693.0;False;ay0pbv;True;False;t3_ay0pbv;9;False;/r/Maps/comments/ay0pbv/looking_for_a_map_app/;6;"Longshot, but it's worth asking.I work in grounds maintenance on a large scale. I'm looking for software/application that will help me track hazards in the field that will give my operators a better sense of where things lie that they could damage/damage their equipment. Ideally it would have GPS tracking, and an audible alert. &#x200B;I've tried a geocaching/hiking assisting application that allowed me to generate hazards as waypoints, but the audible alert system didn't work and their tech support was not responsive.";False;Looking for a Map App;https://www.reddit.com/r/Maps/comments/ay0pbv/looking_for_a_map_app/
1551880880.0;False;axz4wt;False;False;t3_axz4wt;0;False;/r/Maps/comments/axz4wt/map_topography_of_europe/;1;;False;Map : Topography of Europe;http://mindthemap.fr/topographie-du-territoire-europeen/
1551818735.0;False;axpzkz;False;False;t3_axpzkz;0;False;/r/Maps/comments/axpzkz/political_history_presentation_for_south_america/;1;;False;Political history presentation for South America. Generated with paintmaps.com;https://youtu.be/fgl98oOclH0
1551811326.0;False;axokp3;False;False;t3_axokp3;14;False;/r/Maps/comments/axokp3/italy_with_every_territory_each_preunification/;89;;False;Italy with every territory each pre-unification state ever claimed, annexed to it.;https://i.redd.it/7t84wvtxhck21.png
1551781643.0;1551781824.0;axjor0;True;False;t3_axjor0;0;False;/r/Maps/comments/axjor0/has_any_one_made_a_wallpaper_that_is_like_a/;1;"I like how the Peirce quincuncial projection has the ""wrap around"" property. I was wondering if anyone has a made a wallpaper based on that projection, but mapped to a rectangle instead of a square.In particular, it should be conformal, so just stretching it horizontally would not work. It is possible (you can use the Schwarz‚ÄìChristoffel mapping to conformally map a square to a rectangle). I even have the code to do it, but I do not have a good data or enough processing power (it does not take much power, but I am running it through a free account of a cloud service) to make a good high res copy.So, has it been done yet?";False;Has any one made a wallpaper that is like a peirce quincuncial map, but mapped to a rectangle instead of a square (so it has a wallpaper aspect ratio)?;https://www.reddit.com/r/Maps/comments/axjor0/has_any_one_made_a_wallpaper_that_is_like_a/
1551781561.0;False;axjoel;False;False;t3_axjoel;0;False;/r/Maps/comments/axjoel/world_map_christian_population_america_canada/;1;;False;World Map - Christian Population | America | Canada | Brazil | UK | Spain;https://youtu.be/JudVPUJPiPc
1551741588.0;False;axdwtu;False;False;t3_axdwtu;4;False;/r/Maps/comments/axdwtu/1992_hannover_map_found_sealed_in_a_bookstore_in/;55;;False;1992 Hannover map found sealed in a bookstore in S√£o Paulo, Brazil;https://i.imgur.com/aK8Wwt9.jpg
1551676363.0;False;ax3bc0;True;False;t3_ax3bc0;6;False;/r/Maps/comments/ax3bc0/have_you_guys_ever_seen_a_world_map_with_atlantic/;3;;False;have you guys ever seen a world map with atlantic and pacific oceans intact? like with two american continents?;https://www.reddit.com/r/Maps/comments/ax3bc0/have_you_guys_ever_seen_a_world_map_with_atlantic/
1551657293.0;False;ax0bq0;False;False;t3_ax0bq0;2;False;/r/Maps/comments/ax0bq0/democracy_and_christianity_explanation_in_comments/;8;;False;Democracy and Christianity (explanation in comments);https://i.redd.it/mj9avtq7szj21.png
1551654680.0;False;awzwan;False;False;t3_awzwan;3;False;/r/Maps/comments/awzwan/manzanar_to_mt_whitney/;87;;False;manzanar To Mt. Whitney;https://i.redd.it/fw165tlhkzj21.jpg
1551650282.0;False;awz4vq;False;False;t3_awz4vq;36;False;/r/Maps/comments/awz4vq/a_map_of_things_europe_hates/;42;;False;A Map Of Things Europe Hates;https://i.redd.it/90kqqk1f7zj21.jpg
1551644739.0;False;awy4vv;True;False;t3_awy4vv;2;False;/r/Maps/comments/awy4vv/hey_ujymhtysy_your_oc_is_in_a_book/;8;It's this map:https://old.reddit.com/r/MapPorn/comments/4kwt6k/oc_silicon_valleys_largest_high_tech_companies/and it's in this book:https://www.amazon.ca/Pictures-Gone-City-Prosperity-Francisco-ebook/dp/B07C57R9KWon page 170 of the paperback version, Figure 5.5The reddit link is identified as the source.Just letting you know üôÇ;False;hey /u/jymhtysy, your OC üó∫ is in a book!;https://www.reddit.com/r/Maps/comments/awy4vv/hey_ujymhtysy_your_oc_is_in_a_book/
1551609918.0;False;awsxy3;False;False;t3_awsxy3;6;False;/r/Maps/comments/awsxy3/this_is_beautiful/;79;;False;This is beautiful;https://imgur.com/ygX162i
1551551221.0;False;awknlz;False;False;t3_awknlz;17;False;/r/Maps/comments/awknlz/you_know_youre_in_the_ghetto_when_trader_joes_is/;110;;False;You know you‚Äôre in the ghetto when Trader Joe‚Äôs is magnetically repulsed by your neighborhood;https://i.redd.it/hp4yeklu0rj21.jpg
1551519900.0;False;awg6w4;False;False;t3_awg6w4;0;False;/r/Maps/comments/awg6w4/world_map_religion_population_judaism_christanity/;1;;False;World Map - Religion Population - Judaism | Christanity | Islam | Hinduism;https://youtu.be/3Vle8NeAz60
1551517823.0;False;awfysa;True;False;t3_awfysa;1;False;/r/Maps/comments/awfysa/fun_3d_tourist_maps_specifically_contra_costa/;2;You know those tourist shop maps that show the area with cartoonish depictions of attractions and features of the area?  What are those maps called?  My mom is moving for reasons and just bought a house in an area we haven't spent much time in and there in the realtor's office there was one of those maps.  It was actually very informative.  And it wasn't a touristy area.  It really showed what was around.  This particular map was 25 years old but the realtor liked it enough to frame it.  They can be good.  What are those maps called and is there a place to buy them?  I want to gift her a nice one in a frame.  I'm sure there is one...there are well over a million people in her new area.  It is reasonably close to San Francisco.  I'm not looking for a SF map.  Mt Diablo would likely be in the center.  I spent an agonizing 10 minutes trying to find them.  I thought my google skills were B+.  They appear to be C-.;False;Fun 3d tourist maps. Specifically Contra Costa County, California;https://www.reddit.com/r/Maps/comments/awfysa/fun_3d_tourist_maps_specifically_contra_costa/
1551476984.0;False;awa6ok;False;False;t3_awa6ok;4;False;/r/Maps/comments/awa6ok/a_map_i_just_created_the_red_and_gray_zones_have/;29;;False;A map I just created - The red and gray zones have nearly equal populations;https://i.redd.it/08mjgukyvkj21.png
1551468701.0;False;aw8pz3;False;False;t3_aw8pz3;19;False;/r/Maps/comments/aw8pz3/wondering_why_germany_and_china_are_missing_in/;85;;False;Wondering why Germany and China are missing in this map..;https://i.redd.it/uxw8309h7kj21.jpg
1551458282.0;False;aw6wm3;False;False;t3_aw6wm3;7;False;/r/Maps/comments/aw6wm3/request_does_anyone_have_a_higher_resolution_of/;21;;False;[Request] Does anyone have a higher resolution of this picture? The website it was on shut down;https://i.redd.it/21qb11m2bjj21.jpg
1551433025.0;False;aw2zf0;False;False;t3_aw2zf0;7;False;/r/Maps/comments/aw2zf0/id_love_some_constructive_criticism_of_a_map_im/;17;;False;"I'd love some constructive criticism of a map I'm working on, the first in a series of national parks in a ""fantasy novel"" style.";https://i.redd.it/97gstaew8hj21.png
1551427151.0;False;aw2b0l;False;False;t3_aw2b0l;0;False;/r/Maps/comments/aw2b0l/world_map_religion_population_judaism_christanity/;2;;False;World Map - Religion Population - Judaism | Christanity | Islam | Hinduism;https://youtu.be/3Vle8NeAz60
1551395073.0;False;avxdc3;True;False;t3_avxdc3;5;False;/r/Maps/comments/avxdc3/question_why_is_it_necessary_to_use_a_projection/;1;;False;Question: why is it necessary to use a projection for creating a map of Earth‚Äôs surface, and how this can be done by using a theoretical light projected from an illumination source on to a surface?;https://www.reddit.com/r/Maps/comments/avxdc3/question_why_is_it_necessary_to_use_a_projection/
1551223043.0;False;av61uf;True;False;t3_av61uf;7;False;/r/Maps/comments/av61uf/texas_split_in_two/;2;Is there any maps out there that have Texas split into only 2 new states? Trying to figure out how DC could ever be admitted as a new (51st) state.;False;Texas split in two?;https://www.reddit.com/r/Maps/comments/av61uf/texas_split_in_two/
1551219035.0;False;av5b05;False;False;t3_av5b05;3;False;/r/Maps/comments/av5b05/undersea_internet_cables_map_of_europe/;18;;False;Undersea internet cables map of Europe;https://i.redd.it/dpqbrx6wkzi21.png
1551198451.0;False;av1bax;False;False;t3_av1bax;7;False;/r/Maps/comments/av1bax/the_united_citystates_of_america_mapped/;75;;False;The United City-States of America, Mapped;https://medium.com/s/story/the-united-citystates-of-america-mapped-8372be222d28
1551190603.0;False;auzx89;False;False;t3_auzx89;1;False;/r/Maps/comments/auzx89/side_by_side_georeferenced_maps_viewer_with_layer/;8;;False;Side by side georeferenced maps viewer with layer swipe - Map images;https://maps.nls.uk/geo/explore/side-by-side/swipe/#zoom=16&lat=54.9149&lon=-1.4129&layers=193&right=BingHyb
1551115164.0;False;aunnvz;True;False;t3_aunnvz;2;False;/r/Maps/comments/aunnvz/participants_wanted_for_topographic_map_reading/;11;Data collection for my thesis is online and participants are wanted! The research is studying on how accurately map users estimate distance over changing elevation when using USGS maps composed of contours and contours with hillshade at the scales of 1:24,000, 1:50,000, and 1:100,000. Your participation is appreciated and please share with anyone you think may be interested. Here is the link to the survey:[https://goo.gl/forms/bB9hkBA5bmTozRLq2](https://goo.gl/forms/bB9hkBA5bmTozRLq2)¬°Gracias!;False;Participants Wanted for Topographic Map Reading Research;https://www.reddit.com/r/Maps/comments/aunnvz/participants_wanted_for_topographic_map_reading/
1551093056.0;False;auk402;False;False;t3_auk402;0;False;/r/Maps/comments/auk402/read_on_to_explore_how_maps_have_shaped_our/;6;;False;Read on to explore how maps have shaped our civilization's history, caused wars, helped people find treasure and influenced how we view the world around us!;https://medium.com/@localeai/the-12-most-fascinating-anecdotes-maps-have-to-offer-3882f37f3b6a
1551056142.0;False;auex9w;False;False;t3_auex9w;31;False;/r/Maps/comments/auex9w/this_map_in_a_korean_aquarium_adds_a_huge_island/;96;;False;This map in a Korean aquarium adds a huge island (displayed at every animal's discription board);https://i.redd.it/s01ayz5q4mi21.jpg
1551020760.0;False;au8qzy;False;False;t3_au8qzy;5;False;/r/Maps/comments/au8qzy/im_giving_away_four_of_my_map_prints_this_february/;35;;False;I'm giving away four of my map prints this February!;https://i.redd.it/xed9p3sf7ji21.jpg
1550921161.0;False;atujpg;False;False;t3_atujpg;2;False;/r/Maps/comments/atujpg/best_to_tee_in_western_usa/;4;;False;Best to tee in Western USA;https://i.redd.it/2ipavt6czai21.jpg
1550897893.0;False;atrlzm;False;False;t3_atrlzm;8;False;/r/Maps/comments/atrlzm/europe_population_density_absolute_amount/;100;;False;Europe population density absolute amount;https://i.redd.it/gzwa96t0y8i21.jpg
1550857098.0;False;atkf9x;False;False;t3_atkf9x;0;False;/r/Maps/comments/atkf9x/a_first_look_at_google_maps_ar_future/;1;;False;A First Look at Google Maps' AR Future;https://www.youtube.com/watch?v=QW1QT7DOOdA
1550851477.0;False;atja9b;True;False;t3_atja9b;6;False;/r/Maps/comments/atja9b/any_help_on_picking_colors/;2;"Hello,Most of the maps I produce here have a few basic elements that always are the same colors; Roads=Red, Buildings=Black, Water=Blue, Index Contours=Dark Gray, Inter Contours=Lighter Gray.  The question now is, is there a program that help me choose colors for items I add to the map that will contrast the best possible against the colors I have listed? As I add more items to the map there will be less and less contrast but looking for any help at all.  ";False;Any help on picking colors?;https://www.reddit.com/r/Maps/comments/atja9b/any_help_on_picking_colors/
1550834374.0;False;atgdzq;False;False;t3_atgdzq;14;False;/r/Maps/comments/atgdzq/i_know_theres_several_ways_to_draw_a_world_map/;49;;False;I know there's several ways to draw a world map, depending on what your draw it on. (ie: globe or straight paper) What style is this world map from Ikea?;https://www.ikea.com/gb/en/images/products/sn%C3%B6storp-picture-go-explore__0557263_pe660775_s5.jpg
1550786638.0;False;at94ye;False;False;t3_at94ye;7;False;/r/Maps/comments/at94ye/best_to_see_in_ethiopia_somaliland_and_djibouti/;72;;False;Best to see in Ethiopia, Somaliland and Djibouti;https://i.redd.it/h69aj226vzh21.jpg
1550785528.0;False;at8x3q;True;False;t3_at8x3q;8;False;/r/Maps/comments/at8x3q/can_people_please_suggest_good_map_making_tools/;1;;False;Can people please suggest good map making tools with parcel boundaries? I‚Äôve used scribble but so far can‚Äôt find that feature.;https://www.reddit.com/r/Maps/comments/at8x3q/can_people_please_suggest_good_map_making_tools/
1550770790.0;False;at5yph;False;False;t3_at5yph;3;False;/r/Maps/comments/at5yph/silicon_valley_tech_me_to_the_moon/;15;;False;Silicon Valley : Tech Me To The moon!;http://mindthemap.fr/silicon-valley/
1550745261.0;False;at1on4;False;False;t3_at1on4;1;False;/r/Maps/comments/at1on4/download_topographic_maps_from_google_earth/;13;;False;Download Topographic Maps from Google Earth - Mapping in GIS;https://www.youtube.com/attribution_link?a=IDAvL1wYD7o&u=%2Fwatch%3Fv%3D5S8gHbKTRSM%26feature%3Dshare
1550703324.0;False;asv3f0;True;False;t3_asv3f0;5;False;/r/Maps/comments/asv3f0/help_vacationing_in_iceland_and_trying_to_map_out/;11;"Hi! Basically my girlfriend and I are leaving in a couple weeks for iceland and we're trying to map our camping route and stops and I thought that printing out a large 36""x24"" map could really help and we could throw some pins in it but looking around online when I try to blow up the image to get it printed leaves them very blurred and losing details. If anyone could throw some my way I'd much appreciate it and it would help make this trip unforgettable!";False;Help! Vacationing in Iceland and trying to map out our route and destinations! Need the highest resolution possible!;https://www.reddit.com/r/Maps/comments/asv3f0/help_vacationing_in_iceland_and_trying_to_map_out/
1550628940.0;False;asimcf;False;False;t3_asimcf;4;False;/r/Maps/comments/asimcf/the_united_states_but_with_incorrect_names/;0;;False;The United States But With Incorrect Names;https://i.redd.it/r4rumz1bumh21.png
1550612633.0;1550849121.0;asfu1g;True;False;t3_asfu1g;5;False;/r/Maps/comments/asfu1g/help_need_a_detailed_map_of_northern_canada_up_to/;10;I'm reading a book about the search for the Northwest passage, however, it's quite difficult to track all the sounds, inlets and islands (especially the dozen 'Barrow' ones). Any of you OG's can link to me a map of northern Canada like specified in the title?**EDIT:*** Found a map which not only contains the Victorian era names, but also the course of each expedition (including those sponsored by Hudson Bay Company) - [here](https://tce-live2.s3.amazonaws.com/media/media/7187bdd1-cc50-4ad2-b7ba-b2dfe19f3cdb.jpg).* u/VinzShandor provided a map, which still retains some of the nomenclature and provides a more in-depth look at the area - [here](https://open.canada.ca/data/en/fgpv_vpgf/055919c2-101e-4329-bfd7-1d0c333c0e62).;False;[HELP] Need a detailed map of Northern Canada up to Beechey Island, while still retaining the original names given by the 18th century explorers.;https://www.reddit.com/r/Maps/comments/asfu1g/help_need_a_detailed_map_of_northern_canada_up_to/
1550595249.0;False;aschrt;True;False;t3_aschrt;2;False;/r/Maps/comments/aschrt/if_you_like_maps_i_have_an_instagram_account/;0;If you are interested in seeing maps;False;If you like maps, I have an Instagram account called a_teens_weird_maps where I post maps I make.;https://www.reddit.com/r/Maps/comments/aschrt/if_you_like_maps_i_have_an_instagram_account/
1550528428.0;False;as2vpi;False;False;t3_as2vpi;2;False;/r/Maps/comments/as2vpi/interesting_maps_for_2am_animal/;5;;False;interesting maps for 2AM: animal distribution/habitat;https://www.youtube.com/watch?v=aT98-enVeJ0&feature=youtu.be
1550511464.0;False;arzphn;False;False;t3_arzphn;0;False;/r/Maps/comments/arzphn/designing_in_vr_ar_google_maps_concept/;1;;False;Designing in VR | AR Google Maps Concept;https://www.youtube.com/watch?v=TfQJhSJQiaU
1550503753.0;False;aryb7d;True;False;t3_aryb7d;3;False;/r/Maps/comments/aryb7d/requesting_us_and_world_maps_posters_for_kids/;2;Hello All,I hope this is the right place to request this.  I‚Äôd like to find some wall maps for my almost 3-year-old daughter‚Äôs room.  Ideally I‚Äôd like both a U.S. map and a world map with countries listed.Ideal features:* An ideal amount of information density for a curious 3-year-old.* Laminated so that inevitable crayon, marker, and sticker accidents don‚Äôt ruin the map.  In fact, it might be fun to draw or stick things on the map that we can then erase.* It would be great if it was actually visually pleasing (yes, this is in the eye of the beholder).* Low on my list, but it would be great if it wasn‚Äôt Mercator so that I didn‚Äôt have to stare at a Greenland the size of Mars.* It might be nice to have some major geologic features shown, but this is optional and can be brought in later.We‚Äôre flexible on sizes, and somewhat on price.  I‚Äôm simply hoping to instill the wonder I had as a kid as I spent endless hours staring at a globe and learning as much as I could.I appreciate any advice any of you might have.;False;Requesting U.S. and world maps posters for kids;https://www.reddit.com/r/Maps/comments/aryb7d/requesting_us_and_world_maps_posters_for_kids/
1550498892.0;False;arxkjd;False;False;t3_arxkjd;2;False;/r/Maps/comments/arxkjd/european_countries_by_number_of_national_animals/;7;;False;European countries by number of national animals;https://i.redd.it/4wujf1do3ch21.jpg
1550491338.0;False;arwk6v;False;False;t3_arwk6v;37;False;/r/Maps/comments/arwk6v/the_international_community/;256;;False;"""The International Community""";https://i.redd.it/wwnrho49hbh21.jpg
1550482919.0;False;arvldh;False;False;t3_arvldh;0;False;/r/Maps/comments/arvldh/explore_america_with_this_neat_land_use_chart_its/;3;;False;Explore America with this neat land use chart. It's interesting to see just how much land goes to raising animals (41%,) vs to raising crops for human consumption.;https://www.bloomberg.com/graphics/2018-us-land-use/
1550454963.0;False;arruzn;True;False;t3_arruzn;0;False;/r/Maps/comments/arruzn/historic_maps_in_modern_projections/;1;I'm trying to compare a variety of world maps from 1400-1600, but the projections are all over the place. Does anyone know where I can find some old maps redrawn in a consistent projection, or even  software that I can use to change the projection of images I find?;False;Historic maps in modern projections;https://www.reddit.com/r/Maps/comments/arruzn/historic_maps_in_modern_projections/
1550439222.0;False;arpd04;False;False;t3_arpd04;4;False;/r/Maps/comments/arpd04/sooooo_satisfying/;172;;False;Sooooo Satisfying;https://i.redd.it/zge7bdq067h21.png
1550407627.0;False;ark955;False;False;t3_ark955;1;False;/r/Maps/comments/ark955/how_to_create_3d_maps_with_arcscene_mapping_in_gis/;2;;False;How to Create 3D Maps with ArcScene - Mapping in GIS;https://www.youtube.com/attribution_link?a=x-ay6ew5nK0&u=%2Fwatch%3Fv%3DAz07ilMAT4k%26feature%3Dshare
1550404332.0;False;arjwe1;True;False;t3_arjwe1;0;False;/r/Maps/comments/arjwe1/looking_for_sources/;1;Does anyone have a decent sources,  where i could get ww2 detailed maps of all brands? ;False;Looking for sources;https://www.reddit.com/r/Maps/comments/arjwe1/looking_for_sources/
1550388479.0;False;aridft;False;False;t3_aridft;2;False;/r/Maps/comments/aridft/can_someone_explain_why_does_the_woods_have_a/;2;;False;Can someone explain why does the woods have a chess pattern?;https://www.google.com/maps/place/Oc%C3%A9ano+Pac%C3%ADfico/@41.0256575,-122.114165,14834m/data=!3m1!1e3!4m7!3m6!1s0x76ed042c30f318eb:0x8eff14a070876cbc!8m2!3d-8.783195!4d-124.508523!9m1!1b1
1550367808.0;False;arfp7e;False;False;t3_arfp7e;0;False;/r/Maps/comments/arfp7e/looking_for_information_atlas_antique/;3;;False;"Looking for information: ""Atlas antique""";https://i.redd.it/ri3kzv8y91h21.jpg
1550363925.0;False;arf4cg;False;False;t3_arf4cg;5;False;/r/Maps/comments/arf4cg/lava_zones_on_hawaii_island/;75;;False;Lava zones on Hawaii island;https://i.redd.it/xxpv9kuey0h21.jpg
1550344227.0;False;arbxa3;False;False;t3_arbxa3;1;False;/r/Maps/comments/arbxa3/google_maps_ar_first_look_helping_you_navigate/;9;;False;Google Maps AR First Look: Helping you navigate the city;https://www.youtube.com/watch?v=XWbY5jdJnHg
1550290259.0;False;ar554k;False;False;t3_ar554k;16;False;/r/Maps/comments/ar554k/israel_or_isntrael/;49;;False;Israel or Isn'trael???;https://i.redd.it/hb2hthjjtug21.jpg
1550275911.0;False;ar33th;True;False;t3_ar33th;1;False;/r/Maps/comments/ar33th/topographic_maps/;2;"Does anyone know where I can get high definition topographic maps that I can download for free? specifically I am looking for the pacific north west of Canada and Washington state. i would like to be able to print them in 24""x36"" size.  thanks!  ";False;topographic maps;https://www.reddit.com/r/Maps/comments/ar33th/topographic_maps/
1550270712.0;False;ar2a32;False;False;t3_ar2a32;3;False;/r/Maps/comments/ar2a32/after_extensive_internet_research_ive_updated_the/;5;;False;After extensive internet research, I‚Äôve updated the US map.;https://i.redd.it/8gb62i2n8tg21.png
1550256871.0;False;aqzutz;True;False;t3_aqzutz;3;False;/r/Maps/comments/aqzutz/the_states_of_the_european_union/;2;"This map shows how Europe would be split up if the EU became some kind of United States of Europe. It was proposed (and ""adopted"") in 2014 as potential administration of the EU if it ever where to become fully united.(First-level NUTS of the European Union). &#x200B;Sourse: [https://en.wikipedia.org/wiki/First-level\_NUTS\_of\_the\_European\_Union](https://en.wikipedia.org/wiki/First-level_NUTS_of_the_European_Union)&#x200B;https://i.redd.it/qbrpvw5z3sg21.png";False;The States of the European Union;https://www.reddit.com/r/Maps/comments/aqzutz/the_states_of_the_european_union/
1550190666.0;False;aqqr3z;False;False;t3_aqqr3z;18;False;/r/Maps/comments/aqqr3z/challenge_identify_this_countrys_outline/;40;;False;Challenge: Identify this country's outline;https://i.redd.it/dyw5wng2nmg21.jpg
1550162587.0;False;aqlohw;False;False;t3_aqlohw;9;False;/r/Maps/comments/aqlohw/the_usmexico_border_would_run_from_london_to/;73;;False;The US-Mexico border would run from London to Bucharest. Compare the size of Trumps wall plans to Europe or any place. [GER];https://interaktiv.abendblatt.de/trump-mauer/
1550098151.0;False;aqcnnd;False;False;t3_aqcnnd;13;False;/r/Maps/comments/aqcnnd/can_anyone_tell_me_what_the_hell_is_going_on_with/;61;;False;Can anyone tell me what the hell is going on with the political frontiers around the rivers of northern Belgium?;https://i.redd.it/0pm5nm730fg21.png
1550072815.0;False;aq7w5r;False;False;t3_aq7w5r;3;False;/r/Maps/comments/aq7w5r/so_does_costa_rica_go_where_nicaragua_actually_is/;42;;False;So does Costa Rica go where Nicaragua actually is?;https://i.redd.it/0tgllsqswcg21.jpg
1550069162.0;False;aq7a9v;False;False;t3_aq7a9v;6;False;/r/Maps/comments/aq7a9v/any_ideas_for_what_to_call_these_hypothetical/;0;;False;Any ideas for what to call these hypothetical states? With HR0101 it seems more likely every day.;https://i.redd.it/g3vpmh93o9g21.png
1550057380.0;False;aq5mzw;False;False;t3_aq5mzw;0;False;/r/Maps/comments/aq5mzw/getting_started_with_qgis_mapping_in_gis/;2;;False;Getting started with QGIS ‚Äì Mapping in GIS;https://www.youtube.com/attribution_link?a=VcvA3Et2sIA&u=%2Fwatch%3Fv%3D8tOGzHBfSkE%26feature%3Dshare
1550026782.0;False;aq1tsp;False;False;t3_aq1tsp;22;False;/r/Maps/comments/aq1tsp/colorado_you_okay_taken_from_twitter/;62;;False;Colorado.. you okay? (taken from Twitter);https://i.redd.it/eu77v1zw39g21.jpg
1549984057.0;False;apu8l0;False;False;t3_apu8l0;0;False;/r/Maps/comments/apu8l0/just_learned_about_marble_today_available_for/;1;;False;Just learned about Marble today - available for Android, Linux, Mac, Windows;https://marble.kde.org/features.php
1549983548.0;False;apu5gj;False;False;t3_apu5gj;1;False;/r/Maps/comments/apu5gj/the_netherlands_largest_cities_ranked_by/;46;;False;The Netherlands' largest cities, ranked by proportion of green space;https://i.redd.it/053lsrunx3g21.jpg
1549965476.0;False;aprsm5;True;False;t3_aprsm5;0;False;/r/Maps/comments/aprsm5/color_matching_time_zones_of_north_america/;0;"&#x200B;https://i.redd.it/vt1slqqe14g21.pngfrom:    [https://xradio.us/start/time-place-pronounce.html](https://xradio.us/start/time-place-pronounce.html)";False;Color Matching Time Zones of North America;https://www.reddit.com/r/Maps/comments/aprsm5/color_matching_time_zones_of_north_america/
1549926802.0;False;apme2j;False;False;t3_apme2j;1;False;/r/Maps/comments/apme2j/ikeas_fessing_up/;47;;False;IKEA‚Äôs ‚Äòfessing up;https://www.newsweek.com/ikea-apolozies-leaving-new-zealand-world-map-after-announcing-plans-expand-1325765
1549923356.0;False;aplshj;True;False;t3_aplshj;1;False;/r/Maps/comments/aplshj/ancient_world_map/;2;Does anyone know where to find a map of the ancient world around like 2500 years ago? I'm thinking the kingdoms of Assyria, Babylon Mesopotamia etc and how all the kingdoms of the time were laid out next to one another?;False;Ancient world map;https://www.reddit.com/r/Maps/comments/aplshj/ancient_world_map/
1549920852.0;False;aplbzs;True;False;t3_aplbzs;2;False;/r/Maps/comments/aplbzs/seeing_through_maps_2019_ebook_3rd_edition/;0;  **You can learn more about ODT's approach to world mapping from our free download at** [https://manywaystoseetheworld.org/collections/free-downloads/products/seeing-through-maps-e-book-3rd-edition-only-1](https://manywaystoseetheworld.org/collections/free-downloads/products/seeing-through-maps-e-book-3rd-edition-only-1?lshst=collection)Use the coupon code of **STM228** when you check out of our store.  **One download per person.**[Release of digital edition of acclaimed hardcopy - free thru Feb 28, 2019](https://i.redd.it/jjqptu7ec0g21.jpg)**Offer expires 2/28/19.****No credit card required.**  *Feel free to share the code for the free download with friends, colleagues and map lovers!* ;False;Seeing Through Maps - 2019 e-book - 3rd edition * digital $9.95;https://www.reddit.com/r/Maps/comments/aplbzs/seeing_through_maps_2019_ebook_3rd_edition/
1549908516.0;False;apj1hg;True;False;t3_apj1hg;4;False;/r/Maps/comments/apj1hg/good_city_map_sources_im_looking_for_something/;7;I‚Äôm looking to cut down my time spent drafting out examples to use while training CAD drafting. ;False;Good city map sources? Im looking for something already CAD-drawn, .dwg or comparable format. Free or paid. Any city! If you know of a city that posts their CAD city or downtown layouts online, I‚Äôm interested.;https://www.reddit.com/r/Maps/comments/apj1hg/good_city_map_sources_im_looking_for_something/
1549863476.0;False;apd2zz;False;False;t3_apd2zz;3;False;/r/Maps/comments/apd2zz/the_realist_china_the_ethnic_division_map_of/;10;;False;THE REAList CHINA : The ethnic division map of so-called ‚ÄòHan Chinese as Majority‚Äô ( so called 'they are only dialects' );https://i.redd.it/38fzppebmvf21.png
1549812004.0;False;ap4rzw;False;False;t3_ap4rzw;0;False;/r/Maps/comments/ap4rzw/the_world_of_aikross_1_greater_nerrana/;1;;False;The world of Aikross #1, Greater Nerrana;https://www.deviantart.com/jmobyx/art/Map-of-Greater-Nerrana-Prototype-1-785023697?ga_submit_new=10%3A1549810914&ga_type=edit&ga_changes=1
1549811576.0;False;ap4pnd;False;False;t3_ap4pnd;44;False;/r/Maps/comments/ap4pnd/this_is_map_of_independence_movement_in_china_and/;151;;False;This is map of independence movement in China and east aisan. Reddit is now funded by Chinese investors, so let's know China can be divided into a lot of nations. So they can having plenty of freedom in their own small countries!;https://i.redd.it/inl80dcybrf21.jpg
1549766773.0;False;aozv9e;False;False;t3_aozv9e;32;False;/r/Maps/comments/aozv9e/help_can_anyone_tell_me_what_this_map_signifies/;47;;False;Help! Can anyone tell me what this map signifies or means? It's at a St John youth camp and NO ONE knows what it means, not even those who installed it. Help us out guys;https://i.redd.it/icr2cqgrmnf21.jpg
1549741986.0;False;aovxtk;False;False;t3_aovxtk;0;False;/r/Maps/comments/aovxtk/here_is_a_video_with_a_few_cool_maps/;1;;False;Here is a video with a few cool maps;https://www.youtube.com/watch?v=eVoArsn-UFM
1549734817.0;False;aoune9;False;False;t3_aoune9;0;False;/r/Maps/comments/aoune9/analyzing_the_map_the_island_with_many_names_a/;1;;False;Analyzing the Map: The Island with Many Names A case-study of territorial disputes on the FOAM Map.;https://blog.foam.space/analyzing-the-map-the-island-with-many-names-c0055e8a6b58
1549733933.0;False;aouhqj;False;False;t3_aouhqj;18;False;/r/Maps/comments/aouhqj/were_surrounded/;59;;False;We‚Äôre surrounded;https://i.redd.it/ipl6tol4xkf21.jpg
1549715471.0;False;aory8k;False;False;t3_aory8k;8;False;/r/Maps/comments/aory8k/englands_most_common_male_name_to_send_valentines/;40;;False;England's most common male name to send Valentines flowers - per county [OC] [2892 √ó 2322];https://i.imgur.com/nwvQbH1.png
1549705243.0;False;aoqxjn;True;False;t3_aoqxjn;0;False;/r/Maps/comments/aoqxjn/amazing_mapping_app_full_featured_supports_all_of/;1; Please check out Tech Maven Geospatial's amazing new GIS app about to be released to all the app stores [http://GeoDataEXPLORER.world](http://geodataexplorer.world/) üåé üåè. Offline vector tile base Maps and overlays,raster tiles (mbtiles and gpkg) and local GIS vector files from Shape files, filegeodatabase, geojson, KML,gpx, csv and geopackage Online services connect to ESRI dynamic map services and OGC WMS and TILES from WMTS and XYZ/TMS TILE servers , build in base map picker and online weather. Swipe to compare and table of contents to manage display of data. Perform measurements, view grids, show coordinates, draw and edit, view attribute table and identify feature and much more even offline spot elevation and terrain profile view ;False;Amazing Mapping App - Full featured - supports all of ESRI ArcGIS Mapping Services and OGC;https://www.reddit.com/r/Maps/comments/aoqxjn/amazing_mapping_app_full_featured_supports_all_of/
1549659134.0;False;aokyng;False;False;t3_aokyng;15;False;/r/Maps/comments/aokyng/does_anyone_know_what_kind_of_map_that_is_on_the/;38;;False;Does anyone know what kind of map that is on the wall?;https://m.media-amazon.com/images/S/aplus-media/vc/705b267a-b947-49a4-8f5c-827f67e2a41f.jpeg
1549652401.0;False;aojsm0;True;False;t3_aojsm0;3;False;/r/Maps/comments/aojsm0/trying_to_find_an_old_map/;2;Hi I'm trying to find an old map of the zip code area 75201 from about 1960-1970 time frame. I'm trying to find the location of a street that no longer exists named Alice Street. Anyone have any tips or information or links to a site that might have this? My only other option is to hunt in person with old public records but I want to exhaust online options first. Thanks in advance.;False;Trying to find an old map;https://www.reddit.com/r/Maps/comments/aojsm0/trying_to_find_an_old_map/
1549590711.0;False;aobguk;False;False;t3_aobguk;10;False;/r/Maps/comments/aobguk/anyone_ever_found_a_map_consolidating_all/;80;;False;Anyone ever found a map consolidating all industrial scale factories?;https://i.redd.it/3feyev9939f21.jpg
1549552973.0;False;ao4sp0;False;False;t3_ao4sp0;5;False;/r/Maps/comments/ao4sp0/map_of_the_best_museums_of_the_world/;6;;False;Map of the best museums of the world;https://i.redd.it/kyohyu4zy5f21.jpg
1549552524.0;False;ao4q10;False;False;t3_ao4q10;33;False;/r/Maps/comments/ao4q10/request_someone_make_a_map_of_the_world_according/;42;;False;REQUEST: Someone make a map of the world according to Mike Pompeo;https://i.redd.it/fnxn054co4f21.jpg
1549486540.0;False;anveoa;True;False;t3_anveoa;4;False;/r/Maps/comments/anveoa/southern_california_map_store/;2;Hello Reddit,I have always had a fascination with maps and was looking for a little help in obtaining a few in the Southern California area. Would anyone have any recommendations on a brick and mortar map store located somewhere around Orange County in Southern California, and, if not, aside from amazon could anyone recommend some of their favorite online retailers for maps? Looking specifically for maps of the United States from early colonization through the 1800's. Longtime viewer and first time poster and I really appreciate the advice, thanks in advance! ;False;Southern California Map Store;https://www.reddit.com/r/Maps/comments/anveoa/southern_california_map_store/
1549484159.0;False;anuz66;False;False;t3_anuz66;4;False;/r/Maps/comments/anuz66/routes_to_india_1893/;72;;False;Routes to India, 1893;https://i.imgur.com/uc10mq4.jpg
1549439317.0;1549534165.0;anohnw;True;False;t3_anohnw;15;False;/r/Maps/comments/anohnw/map_of_europe_with_active_sepratist_flags/;5;Note1: Only separatist movements are show, no autonomist movements are included.Note2: I also didn't include some almost extinct separatist movements in spain due to spain already having many major separatist movements in the same regions.Source: [https://en.wikipedia.org/wiki/List\_of\_active\_separatist\_movements\_in\_Europe](https://en.wikipedia.org/wiki/List_of_active_separatist_movements_in_Europe)https://i.redd.it/7vt7qlr3f4f21.jpg;False;Map of Europe With Active Sepratist Flags;https://www.reddit.com/r/Maps/comments/anohnw/map_of_europe_with_active_sepratist_flags/
1549433237.0;False;anntha;False;False;t3_anntha;21;False;/r/Maps/comments/anntha/the_oldest_business_in_each_us_state/;77;;False;The Oldest Business in Each U.S. State;https://i.redd.it/ugkzlhcy2we21.jpg
1549424413.0;False;anmjvg;False;False;t3_anmjvg;1;False;/r/Maps/comments/anmjvg/dumas_texas/;0;;False;Dumas, Texas;https://i.redd.it/7d3aqvjrcve21.jpg
1549379707.0;False;anf17h;False;False;t3_anf17h;0;False;/r/Maps/comments/anf17h/watersheds/;6;;False;Watersheds!;https://bigthink.com/strange-maps/the-worlds-watersheds-mapped-in-gorgeous-detail?utm_medium=Social&facebook=1&utm_source=Facebook#
1549368929.0;False;andiz8;False;False;t3_andiz8;24;False;/r/Maps/comments/andiz8/countries_with_a_coastlinearea_ratio_mkm¬≤_below/;48;;False;Countries with a coastline/area ratio (m/km¬≤) below one;https://i.redd.it/z1m7tlilrqe21.png
1549368498.0;False;andh3s;False;False;t3_andh3s;0;False;/r/Maps/comments/andh3s/carte_le_territoire_de_la_france_au_sein_de/;2;;False;CARTE : Le territoire de la France au sein de l'Union europ√©enne;http://mindthemap.fr/le-territoire-de-la-france-au-sein-de-lunion-europeenne/
1549351986.0;False;anbuo3;False;False;t3_anbuo3;2;False;/r/Maps/comments/anbuo3/travel_and_tourist_map_of_england_wales/;4;;False;Travel and tourist map of England & Wales;https://i.redd.it/xefqhzhbdpe21.jpg
1549342325.0;False;anap2u;False;False;t3_anap2u;1;False;/r/Maps/comments/anap2u/map_of_south_australia_11692x8267oc/;4;;False;Map of South Australia (11692x8267)[OC];https://i.redd.it/byhtaob2ioe21.png
1549276167.0;False;an0fju;False;False;t3_an0fju;1;False;/r/Maps/comments/an0fju/tom_patterson_just_published_his_beautiful/;89;;False;Tom Patterson just published his beautiful high-res Equal Earth Physical Map under public domain;http://equal-earth.com/physical/
1549190410.0;False;amoiwm;False;False;t3_amoiwm;13;False;/r/Maps/comments/amoiwm/europe_map_2019/;10;;False;Europe Map (2019);https://i.redd.it/eu4paucy0ce21.jpg
1549164618.0;False;amltt6;False;False;t3_amltt6;24;False;/r/Maps/comments/amltt6/most_popular_professional_sports_team_in_every/;125;;False;Most popular professional sports team in every state/province/territory based on google trends data over the last 5 years. From @geographyuniverse on Instagram.;https://i.redd.it/ipj8eah9w9e21.jpg
1549145365.0;False;amj0rl;False;False;t3_amj0rl;8;False;/r/Maps/comments/amj0rl/xpost_mapping_the_most_common_toad_suffixes_by/;37;;False;X-Post Mapping the most common toad suffixes by county;https://i.redd.it/r55ti4mal5e21.png
1549108587.0;False;amdg0z;False;False;t3_amdg0z;1;False;/r/Maps/comments/amdg0z/map_of_san_francisco_german_travel_guide_1912/;56;;False;Map of San Francisco (german travel guide 1912);https://i.redd.it/9r0o54en95e21.jpg
1549101081.0;False;amcq8k;False;False;t3_amcq8k;6;False;/r/Maps/comments/amcq8k/southeast_asia_map_drawn_by_an_ottoman/;66;;False;Southeast Asia map drawn by an Ottoman cartographer (1728);https://i.redd.it/tixagrj0n4e21.jpg
1549079882.0;False;amahv7;True;False;t3_amahv7;8;False;/r/Maps/comments/amahv7/digital_maps_that_can_be_reprinted_for_sale/;5;I'm interested in recreating maps on various mediums to sell. Are there any resources for finding maps with no copyrights?  Can open source maps be used for this?;False;Digital maps that can be reprinted for sale?;https://www.reddit.com/r/Maps/comments/amahv7/digital_maps_that_can_be_reprinted_for_sale/
1549060448.0;False;am7oc2;True;False;t3_am7oc2;6;False;/r/Maps/comments/am7oc2/looking_for_an_old_eastern_europe_map_request/;3;"Not entirely sure if this is allowed; this ismy first time posting on this sub so if it is not okay, please forgive me. I am trying to do some research on my family heritage and after my mother, things get a touch hazy. Her father (my opa) was born illegitimate, meaning he only knew his mother and not his father. This in itself is more a question for a different sub (any help determining which sub would also be hugely appreiciated), however, because of both Worlds Wars, my opa isn't sure where he was even born! I'm sure in his younger years he knew, but for whatever reason, he never relayed that information to my mother.I  guess what I am asking is for any reference to an Eastern European village or town named Porozow (spelling may be different) in either modern day Russia, Belarus, Lithuania or Poland.  He was born either January 1st or 14th, 1918.Again, greatly sorry if this is prohibited by the rules. Thanks in advance regardless!";False;Looking for an old Eastern Europe map? [Request];https://www.reddit.com/r/Maps/comments/am7oc2/looking_for_an_old_eastern_europe_map_request/
1549003692.0;False;alzd77;False;False;t3_alzd77;0;False;/r/Maps/comments/alzd77/largest_repository_of_maps_atlases/;9;;False;Largest repository of maps & atlases;https://www.reddit.com/user/MapTrove/comments/alzbu3/maptrove_is_largest_repository_of_maps_atlases/
1548997729.0;False;alymep;True;False;t3_alymep;7;False;/r/Maps/comments/alymep/alternative_to_google_my_maps_for_android/;1;I am a taxi driver and used google my maps to mark the houses. The problem is I can't search for the places I add on the app. And the app is too outdated.I just want an app to mark my own place...give it a name and search for those places later.Any suggestions?;False;Alternative to Google My Maps for Android;https://www.reddit.com/r/Maps/comments/alymep/alternative_to_google_my_maps_for_android/
1548979671.0;False;alvwnh;True;False;t3_alvwnh;2;False;/r/Maps/comments/alvwnh/need_a_highres_map_of_europe_wout_borders/;3;What the title says, thanks for the help!;False;"Need a High-Res Map of Europe w/out Borders; Completely Blank";https://www.reddit.com/r/Maps/comments/alvwnh/need_a_highres_map_of_europe_wout_borders/
1548968272.0;False;alu4yq;True;False;t3_alu4yq;0;False;/r/Maps/comments/alu4yq/question_help_needed_please_i_am_in_search_of/;1;So I need an online resource of some sort to find high quality touring/road/tourist maps like the large fold out ones for road trips. I am looking for one that covers large parts of Italy. Is there a resource of some sort similar to good earth or archgis that can give me the maps that I need? They preferable need to be stylized like road trip maps.Thank you so much in advance!!;False;[Question] Help needed please! I am in search of high quality road-trip like maps online for a project.;https://www.reddit.com/r/Maps/comments/alu4yq/question_help_needed_please_i_am_in_search_of/
1548946567.0;False;alq82g;False;False;t3_alq82g;0;False;/r/Maps/comments/alq82g/breath_of_the_world_map/;2;;False;Breath of the World map;https://www.jonahadkins.com/cartography/esri/2018/01/28/breath-of-the-world.html
1548919167.0;False;aln1c8;False;False;t3_aln1c8;7;False;/r/Maps/comments/aln1c8/old_wall_map_of_europe_in_1815_got_it_at_a_flee/;145;;False;Old wall map of Europe in 1815. Got it at a flee market.;https://i.redd.it/uysk20jempd21.jpg
1548794684.0;False;al4hxf;True;False;t3_al4hxf;12;False;/r/Maps/comments/al4hxf/do_you_guys_have_an_1936_political_world_map/;22;I keep searching on google a high resolution political map from 1936, but I can't find any.I was wondering if any of you have one. It needs to be blank, no country names or capitals, but any version of it would be deeply appreciated. Thanks so much!;False;Do you guys have an 1936 political world map?;https://www.reddit.com/r/Maps/comments/al4hxf/do_you_guys_have_an_1936_political_world_map/
1548779798.0;False;al1sd4;True;False;t3_al1sd4;5;False;/r/Maps/comments/al1sd4/help_reading_a_coal_mine_map/;2;HiI am playing with hobby video game project. Nothing fancy, commercial, political, ambitious etc. and was looking at some coal mine maps of some abandoned coal mines in US/Eastern Ohio/Perry County (Cut out / image) https://imgur.com/a/OYGpSkcI am not familiar with coal mines, but am I right if I read the large dotted lines on the map as tunnels (see red/marked example on the image)?And the many thin lines as just scribbles pointing to rock/limestone etc.?Source / Complete map (1.3Mb PDF) : https://apps.ohiodnr.gov/Website/Geosurvey/Underground_Mines/341158000102.pdf Thank you in advance and let me know if this question belongs to another sub;False;Help reading a coal mine map;https://www.reddit.com/r/Maps/comments/al1sd4/help_reading_a_coal_mine_map/
1548719774.0;False;aktvo5;False;False;t3_aktvo5;12;False;/r/Maps/comments/aktvo5/how_much_snow_it_takes_to_cancel_school_in_the_us/;115;;False;How much snow it takes to cancel school in the US;https://i.redd.it/01y53dii59d21.jpg
1548643866.0;False;akj1di;False;False;t3_akj1di;23;False;/r/Maps/comments/akj1di/my_roommate_got_this_shower_curtain_thats_a_map/;68;;False;My roommate got this shower curtain that‚Äôs a map of the world but in word form. But this map makes me so mad because it‚Äôs missing countries;https://i.redd.it/t4zsomgsv2d21.jpg
1548534881.0;False;ak4r5h;False;False;t3_ak4r5h;4;False;/r/Maps/comments/ak4r5h/ripleys_believe_it_or_not/;0;;False;Ripley's Believe It Or Not;https://i.redd.it/3o20p9lovtc21.png
1548503209.0;False;ak08dl;False;False;t3_ak08dl;3;False;/r/Maps/comments/ak08dl/spanish_travel_and_tourism_attractions_map/;46;;False;Spanish travel and tourism attractions map;https://i.redd.it/yuh7nieh9rc21.jpg
1548475127.0;False;ajxh7z;False;False;t3_ajxh7z;4;False;/r/Maps/comments/ajxh7z/the_political_situation_in_albion_prior_to_the/;58;;False;The political situation in Albion prior to the battle;https://i.redd.it/r5ce4vyzxoc21.png
1548437173.0;False;ajrbnh;False;False;t3_ajrbnh;2;False;/r/Maps/comments/ajrbnh/my_chocolate_has_an_old_map_of_africa_on_it/;18;;False;My chocolate has (an old map of) Africa on it;https://i.imgur.com/0ANIprq.jpg
1548426263.0;False;ajphyf;False;False;t3_ajphyf;0;False;/r/Maps/comments/ajphyf/vector_map_of_italy_and_switzerland/;1;;False;Vector Map of Italy and Switzerland;https://vemaps.com/italy/it-22
1548424700.0;False;ajp9j6;False;False;t3_ajp9j6;15;False;/r/Maps/comments/ajp9j6/the_nine_nations_of_north_america_1981_by_joel/;131;;False;The Nine Nations of North America, 1981. By Joel Garreau;https://i.redd.it/in7iupczrkc21.jpg
1548412262.0;False;ajnrwn;True;False;t3_ajnrwn;0;False;/r/Maps/comments/ajnrwn/post_your_favourite_map_pdfs_i_want_to_see_what/;1;;False;Post your favourite map PDFs. I want to see what people are drawn to and what information they like to see.;https://www.reddit.com/r/Maps/comments/ajnrwn/post_your_favourite_map_pdfs_i_want_to_see_what/
1548387240.0;False;ajkwok;False;False;t3_ajkwok;12;False;/r/Maps/comments/ajkwok/can_anyone_help_me_find_a_large_version_of_this/;20;;False;Can anyone help me find a large version of this map (maybe 3'X5' or so) to hang on my wall? 1976 Geologic Map of Georgia.;https://i.redd.it/ah6tl6heohc21.jpg
1548307042.0;False;aj94n2;False;False;t3_aj94n2;26;False;/r/Maps/comments/aj94n2/australia_is_huge/;109;;False;Australia is huge;https://i.redd.it/xivqn0t82bc21.jpg
1548279417.0;False;aj4uel;True;False;t3_aj4uel;0;False;/r/Maps/comments/aj4uel/whats_happening_at_ruby_ketchys/;0;"&#x200B;https://i.redd.it/pw9macz0s8c21.jpg";False;What's happening at Ruby & Ketchy's?;https://www.reddit.com/r/Maps/comments/aj4uel/whats_happening_at_ruby_ketchys/
1548277559.0;False;aj4i68;True;False;t3_aj4i68;0;False;/r/Maps/comments/aj4i68/new_subreddit_rdisneymaps/;3;I've created a new subreddit - Disney MapsThis is to collect, post, and discussing changes in art, design, layout of maps of all kinds from the various Disney parks[https://www.reddit.com/r/DisneyMaps](https://www.reddit.com/r/DisneyMaps)Come join me!;False;New Subreddit - r/disneymaps;https://www.reddit.com/r/Maps/comments/aj4i68/new_subreddit_rdisneymaps/
1548257365.0;False;aj0svf;False;False;t3_aj0svf;1;False;/r/Maps/comments/aj0svf/tracking_down_the_origin_of_a_large_map_that_was/;1;;False;"Tracking down the origin of a large map that was hidden away in ""The Frank"".";https://www.reddit.com/r/nonmurdermysteries/comments/aj0ona/map_mystery_tracking_down_the_origin_of_a_large/
1548250861.0;False;aizss5;False;False;t3_aizss5;1;False;/r/Maps/comments/aizss5/mapbox_map_service_launched_feature_to_to_show/;32;;False;"MapBox (map service) launched feature to ""to show the US‚Äôs, China‚Äôs, or India‚Äôs opinions of global and disputed borders""";https://blog.mapbox.com/dynamically-change-disputed-national-borders-14c820cae923
1548205903.0;False;aiu3xx;False;False;t3_aiu3xx;2;False;/r/Maps/comments/aiu3xx/what_happened_if_indoeuropeans_had_never_left/;10;;False;What happened if Indo-Europeans had never left their original homeland and left Europe and west Asia alone?;https://i.redd.it/5y4grb9ep2c21.png
1548204561.0;False;aitw1u;False;False;t3_aitw1u;5;False;/r/Maps/comments/aitw1u/i_need_some_help_identifying_what_year_this_map/;2;;False;I need some help identifying what year this map from my teacher's class is from;http://imgur.com/a/SsM4KKF
1548201698.0;False;aiteub;False;False;t3_aiteub;8;False;/r/Maps/comments/aiteub/the_world_is_a_cat_playing_with_australai/;53;;False;The world is a cat playing with Australai;https://i.redd.it/puwbbl12c2c21.png
1548201047.0;False;aitb1e;False;False;t3_aitb1e;1;False;/r/Maps/comments/aitb1e/after_the_end_of_cold_war_this_place_has_lost/;7;;False;After the end of Cold War, this place has lost most of its potential interesting, still it's curious to see how this big countries are so close.;https://www.youtube.com/watch?v=VgHJ7qLajWc
1548199155.0;False;aiszk5;True;False;t3_aiszk5;4;False;/r/Maps/comments/aiszk5/is_there_a_site_that_allows_me_to_customize_a_map/;2;For example, I would like to create a map that colour-codes various municipalities in my province. ;False;Is there a site that allows me to customize a map?;https://www.reddit.com/r/Maps/comments/aiszk5/is_there_a_site_that_allows_me_to_customize_a_map/
1548194365.0;False;ais4un;True;False;t3_ais4un;2;False;/r/Maps/comments/ais4un/looking_for_a_large_world_map_poster_not_mercator/;2;As the title says, would love a map to stare at;False;"Looking for a large world map poster, not mercator projection, using muted colours, and doesn't look ""educational"" - anyone know where I can find one?";https://www.reddit.com/r/Maps/comments/ais4un/looking_for_a_large_world_map_poster_not_mercator/
1548180925.0;False;aipnaf;False;False;t3_aipnaf;0;False;/r/Maps/comments/aipnaf/the_maps_in_this_video_timelapse_actual_traffic/;11;;False;The maps in this video timelapse actual traffic data;https://www.youtube.com/watch?v=Q8krKFX_UD8
1548172754.0;False;aio7df;True;False;t3_aio7df;6;False;/r/Maps/comments/aio7df/an_interactive_map_of_traditional_japanese_art/;12;"[www.ukiyo-emap.com](https://www.ukiyo-emap.com)&#x200B;I have been working on this for a few weeks, and just got it up and running, still improving and expanding, but hope you enjoy!";False;An interactive map of traditional japanese art locations;https://www.reddit.com/r/Maps/comments/aio7df/an_interactive_map_of_traditional_japanese_art/
1548156383.0;False;ailxtk;True;False;t3_ailxtk;2;False;/r/Maps/comments/ailxtk/something_is_happening_in_south_atlantic/;5;"&#x200B;https://i.redd.it/0urz96hvlyb21.png";False;Something is happening in South Atlantic;https://www.reddit.com/r/Maps/comments/ailxtk/something_is_happening_in_south_atlantic/
1548123075.0;False;aihyin;True;False;t3_aihyin;5;False;/r/Maps/comments/aihyin/need_help_identifying_something_in_a_map_of_op/;19;Does anyone know what the BOMB. COM. thing means in D4? I've been looking at keys on the internet, can't find the meaning. Judging by the symbols it appears to be a British airforce fleet if that's any help! I'm assuming it's not the modern slang lol.https://i.redd.it/gwpn4z8evvb21.jpg;False;Need help identifying something in a map of Op. Overlord (D-Day);https://www.reddit.com/r/Maps/comments/aihyin/need_help_identifying_something_in_a_map_of_op/
1548096733.0;False;aidahb;True;False;t3_aidahb;7;False;/r/Maps/comments/aidahb/help_is_there_a_way_i_can_copy_and_paste_a_list/;11;Thanks;False;[Help] Is there a way I can copy and paste a list of zip codes into a website and then get a map of USA with a dot at each of the zip codes?;https://www.reddit.com/r/Maps/comments/aidahb/help_is_there_a_way_i_can_copy_and_paste_a_list/
1548084366.0;False;aib3c1;False;False;t3_aib3c1;3;False;/r/Maps/comments/aib3c1/google_maps_speed_limit_feature/;4;;False;Google Maps Speed Limit Feature;https://pakdesire.com/google-maps-speed-limit-feature/
1548019121.0;False;ai2gmi;True;False;t3_ai2gmi;2;False;/r/Maps/comments/ai2gmi/mapping_tool_that_allows_you_to_search_and_mark/;2;Hey guys, I am doing an essay for university and have for the most part been using digimap. However, it drives me crazy that I cannot show a clear boundary for Suffolk, the county I need to mark. Is there any simple mapping tool that will allow you to do so and export the map. Thank you! ;False;Mapping tool that allows you to search and mark places, but also shows UK county boundaries?;https://www.reddit.com/r/Maps/comments/ai2gmi/mapping_tool_that_allows_you_to_search_and_mark/
1548014130.0;False;ai1l1v;False;False;t3_ai1l1v;8;False;/r/Maps/comments/ai1l1v/perfect_europe/;8;;False;Perfect Europe?;https://i.redd.it/ucykny78vmb21.png
1548008355.0;False;ai0k6k;True;False;t3_ai0k6k;2;False;/r/Maps/comments/ai0k6k/help_a_story_of_city_maps/;1;Hello,I recall seeing a post on Reddit once (maybe TIL) which had a series of maps. The story went that after damage to a city (post war London I think) a competition was launched for rebuilding the city. I seem to remember a series of elaborate maps with futuristic (for the time) designs. In actuality the locals in the city couldn't wait for the competition to end and started rebuilding the city as they remembered it (which is why the city streets are complected and chaotic). The competition was abandoned and the maps and the story are the only legacy of the contest.I'd love to see if this memory is true (I have tried searching to no avail). I remember the maps being fascinating to look at.Thanks in advance.;False;[Help] A story of city maps;https://www.reddit.com/r/Maps/comments/ai0k6k/help_a_story_of_city_maps/
1547998320.0;False;ahyl8x;False;False;t3_ahyl8x;20;False;/r/Maps/comments/ahyl8x/top_10_countries_with_the_easiest_bureaucracy/;73;;False;Top 10 countries with the easiest bureaucracy systems for entrepreneurs;https://i.redd.it/lexrl8b9klb21.jpg
1547997903.0;False;ahyj23;True;False;t3_ahyj23;5;False;/r/Maps/comments/ahyj23/perfect_europe/;0;;False;Perfect europe?;https://www.reddit.com/r/Maps/comments/ahyj23/perfect_europe/
1547944509.0;False;ahsays;True;False;t3_ahsays;2;False;/r/Maps/comments/ahsays/can_someone_tell_me_how_to_extract_the_exact_map/;0;"Here is the link:[https://www.google.com/maps/@26.4488341,-102.8088429,3a,75y,250.8h,62.06t/data=!3m6!1e1!3m4!1sQQEis8MC2VCnNwEaSph0pw!2e0!7i13312!8i6656](https://www.google.com/maps/@26.4488341,-102.8088429,3a,75y,250.8h,62.06t/data=!3m6!1e1!3m4!1sQQEis8MC2VCnNwEaSph0pw!2e0!7i13312!8i6656)&#x200B;I can't figure out how to get the coordinates to that exact location. Please advise. Thanks!";False;Can someone tell me how to extract the exact map coordinates from this Google Maps road?;https://www.reddit.com/r/Maps/comments/ahsays/can_someone_tell_me_how_to_extract_the_exact_map/
1547925979.0;False;ahp9is;False;False;t3_ahp9is;0;False;/r/Maps/comments/ahp9is/average_ottoman_empire_map_14511739/;11;;False;Average Ottoman Empire map 1451-1739;https://i.redd.it/gcep6j90jfb21.png
1547923115.0;False;ahorxv;False;False;t3_ahorxv;5;False;/r/Maps/comments/ahorxv/average_map_of_europe/;6;;False;Average map of Europe;https://i.redd.it/o12k3lvkcfb21.png
1547922114.0;False;ahom2j;False;False;t3_ahom2j;8;False;/r/Maps/comments/ahom2j/a_cool_concept_of_the_new_red_dead_redemption_2/;69;;False;A cool concept of the new red dead redemption 2 map compared to real life. Where all my fellow gamers at?;https://i.redd.it/o7of38kn9fb21.jpg
1547852610.0;False;ahg560;True;False;t3_ahg560;3;False;/r/Maps/comments/ahg560/isolating_elevation/;7;Here is my goofy question. I have an airport elevation, and its beacon tower height. I am curious if there is a digital mapping tool that would highlight for me the points across a small mountainous valley in which that beacon could be seen/not seen from different places?;False;Isolating elevation;https://www.reddit.com/r/Maps/comments/ahg560/isolating_elevation/
1547823420.0;False;ahb7z4;False;False;t3_ahb7z4;2;False;/r/Maps/comments/ahb7z4/coffee_top_producers_exports/;2;;False;Coffee top producers exports;https://datasoaring.blogspot.com/2018/02/coffee-top-producers-exports.html
1547769573.0;False;ah4bp4;True;False;t3_ah4bp4;5;False;/r/Maps/comments/ah4bp4/does_anyone_know_the_value_of_this_map/;2;"&#x200B;https://i.redd.it/3t7fmivqn2b21.jpg";False;Does anyone know the value of this map?;https://www.reddit.com/r/Maps/comments/ah4bp4/does_anyone_know_the_value_of_this_map/
1547764081.0;False;ah3egi;False;False;t3_ah3egi;7;False;/r/Maps/comments/ah3egi/german_urban_areas_and_metro_regions/;97;;False;German urban areas and metro regions;https://i.redd.it/s2ju8dzo72b21.jpg
1547761347.0;False;ah2wxe;True;False;t3_ah2wxe;3;False;/r/Maps/comments/ah2wxe/where_to_get_very_large_high_resolution_map_files/;7;Hi I want to print a giant high resolution map for my wall (approximately 8x12 ft). I already have software to break a large image up into standard printer paper size pieces. Any suggestions on where to look for something like this? A world map would be ideal, but I'm open to other maps as well. Thanks!;False;Where to get very large high resolution map files?;https://www.reddit.com/r/Maps/comments/ah2wxe/where_to_get_very_large_high_resolution_map_files/
1547752953.0;False;ah1dcf;False;False;t3_ah1dcf;9;False;/r/Maps/comments/ah1dcf/municipal_boundaries_of_the_city_of_los_angeles/;38;;False;"Municipal boundaries of the City of Los Angeles vs. areas with a recommended ""Los Angeles, CA"" address by USPS";https://i.imgur.com/Uc8fE62.jpg
1547690808.0;False;agstkx;False;False;t3_agstkx;1;False;/r/Maps/comments/agstkx/the_dole_map_of_the_hawaiian_islands_i_found_at/;35;;False;The Dole Map of the Hawaiian Islands I found at an estate sale and had framed.;https://imgur.com/a/6YCQ9OM
1547527276.0;False;ag4sid;True;False;t3_ag4sid;3;False;/r/Maps/comments/ag4sid/looking_for_a_good_outline_map_of_canada_and_the/;2;Title says it. I'm looking for a good - high resolution if possible - outline map of North America, but no Mexico or any Caribbean islands. No Iceland. just Canada and the United States together, and just their exterior boundaries, and the border between the two countries. But none of the internal States or Provinces;False;Looking for a good outline map of Canada and the United States;https://www.reddit.com/r/Maps/comments/ag4sid/looking_for_a_good_outline_map_of_canada_and_the/
1547514507.0;False;ag2v4z;False;False;t3_ag2v4z;2;False;/r/Maps/comments/ag2v4z/a_map_i_made_of_floridas_county_flagsseals_click/;7;;False;A map I made of Florida‚Äôs county flags/seals (click the image for higher quality);https://i.redd.it/9tgxhbtmlha21.jpg
1547514320.0;False;ag2u0y;False;False;t3_ag2u0y;3;False;/r/Maps/comments/ag2u0y/opportunity_meridiani_planum_traverse_nyc/;36;;False;Opportunity Meridiani Planum Traverse - NYC streetmap scale;https://i.redd.it/6g46fv56hha21.jpg
1547479750.0;False;afwuy8;False;False;t3_afwuy8;4;False;/r/Maps/comments/afwuy8/french_map_of_asia_with_trade_routes_for_opium/;88;;False;French map of Asia with trade routes for opium, spices, gold ‚Äî currently in my dining room;https://i.redd.it/wxskm2x9qea21.jpg
1547450607.0;False;afte3e;False;False;t3_afte3e;1;False;/r/Maps/comments/afte3e/airvisual_earth_a_3d_map_is_now_available_to_know/;16;;False;AirVisual Earth: A 3D Map is Now Available To Know About Air Pollution;https://pakdesire.com/airvisual-earth-a-3d-map-is-now-available-to-know-about-air-pollution/
1547408381.0;1547408606.0;afmxc9;True;False;t3_afmxc9;9;False;/r/Maps/comments/afmxc9/fantasy_map_the_northern_realms_of_athelon/;16;"If anybody has some free time, I am in dire need of critique: Anything from composition to mountain placement would be immensely helpful!&#x200B;https://i.redd.it/ctfibgnnu8a21.jpg";False;Fantasy Map - The Northern Realms of Athelon;https://www.reddit.com/r/Maps/comments/afmxc9/fantasy_map_the_northern_realms_of_athelon/
1547346546.0;False;aferf8;True;False;t3_aferf8;0;False;/r/Maps/comments/aferf8/map_of_when_amount_of_states_equaled_the/;0;"&#x200B;[Never in all of history has the numerical presidency matched the amount of states in the union \(#th president serving over # states\). Assuming no state additions or loses that will change the soonest in 2036 with only single term traditional presidencies and latest in 2064 with traditional two terms.](https://i.redd.it/s2p0r8gqo3a21.png)";False;Map of when amount of states equaled the numerical presidency;https://www.reddit.com/r/Maps/comments/aferf8/map_of_when_amount_of_states_equaled_the/
1547318640.0;False;afa9pb;False;False;t3_afa9pb;4;False;/r/Maps/comments/afa9pb/an_still_incomplete_map_for_all_the_argentine/;8;;False;An (still) incomplete map for all the Argentine railroads, both current and historical;https://www.ferrocarrilesargentinos.com/
1547261833.0;False;af38cq;True;False;t3_af38cq;5;False;/r/Maps/comments/af38cq/is_there_a_free_website_where_i_can_make_maps_and/;4;I've recently got into cartography and I love maps and globes so I am just wondering.;False;Is there a (free) website where I can make maps and edit them anytime I want?;https://www.reddit.com/r/Maps/comments/af38cq/is_there_a_free_website_where_i_can_make_maps_and/
1547238817.0;False;aezknb;False;False;t3_aezknb;0;False;/r/Maps/comments/aezknb/a_video_full_of_maps_the_story_behind_the_free/;25;;False;A video full of maps... the story behind the Free State of Danzig, with the Danzig map and more, of course.;https://youtu.be/nKpikER3KBc
1547151470.0;False;aemzeo;True;False;t3_aemzeo;0;False;/r/Maps/comments/aemzeo/i_am_making_a_historical_board_game_and_i_need/;2;"I am currently in the process of designing a WW2 board game. I think I have a really solid basis for combat, movement, supply, and production; but I can't find high enough quality maps to base roads, rivers, topography, and cities on. I need these terrain features to simulate the tactical aspect of my very strategic game. Can you guys link me to any historical map resources?Thanks in advance!!";False;I am making a historical board game and I need help!;https://www.reddit.com/r/Maps/comments/aemzeo/i_am_making_a_historical_board_game_and_i_need/
1547136289.0;False;aekd3n;False;False;t3_aekd3n;4;False;/r/Maps/comments/aekd3n/ethnographic_map_of_the_balkans_1881/;54;;False;Ethnographic map of the Balkans, 1881;https://i.redd.it/xfsy7mwzcm921.jpg
1547136153.0;False;aekc5p;False;False;t3_aekc5p;0;False;/r/Maps/comments/aekc5p/usa_home_value_index/;3;;False;USA home value index;https://datasoaring.blogspot.com/2019/01/usa-home-value-index.html
1547075854.0;False;aecpd8;False;False;t3_aecpd8;9;False;/r/Maps/comments/aecpd8/my_best_one_yet_italy_will_provide_a_key_later/;76;;False;My best one yet, Italy! Will provide a key later;https://i.redd.it/fjgaejz9dh921.jpg
1547030785.0;False;ae5pb0;False;False;t3_ae5pb0;3;False;/r/Maps/comments/ae5pb0/part_2_of_my_map_sketching_extravaganza_this_time/;10;;False;Part 2 of my map sketching extravaganza This time more or less located in Australia;https://i.redd.it/j5168m98nd921.jpg
1547014278.0;False;ae3ztb;False;False;t3_ae3ztb;16;False;/r/Maps/comments/ae3ztb/crude_town_map_drawn_in_spare_time_ignore_the/;74;;False;Crude town map drawn in spare time. Ignore the references- most of the names came from stuff on my desk. Scale is a bit off but think it looks alright from a distance;https://i.redd.it/lc1lbls6ac921.jpg
1546966399.0;False;adw73g;False;False;t3_adw73g;0;False;/r/Maps/comments/adw73g/interactive_map_with_tech_jobs/;1;;False;Interactive map with tech jobs;https://worfor.com/tech_jobs_map
1546963988.0;False;advqzs;True;False;t3_advqzs;2;False;/r/Maps/comments/advqzs/pixelating_the_map_of_europe/;4;So I had a thought yesterday of pixelating maps, and so I thought to pixelate a map of Europe. I did this by splitting the map into a square grid, then any subsquare with at least 50% land I kept and anything with less than 50% land was removed. Then I took it a step further and labelled each pixel with the country that had the most area inside each pixel. The result was rather surprising! I decided to make a quiz out of it since I enjoy them:[here](https://www.jetpunk.com/user-quizzes/176412/pixelated-europe) if you‚Äôre interested in that.‚ÄîIf not, then the results are as follows. Out of 279 pixels, these countries had the most:* Russia with 76* Norway with 18* Sweden with 17* Ukraine with 17* France with 17* Finland with 16Also, perhaps surprisingly, some small countries made the cut, including Slovenia, Montenegro and Moldova, which just happened to line up perfectly with the grid. Also some larger countries are barely represented, like Greece, because much of the squares around it were cut due to lack of land.I‚Äôm not sure it‚Äôs overly useful, I just found it interesting.;False;"""Pixelating"" the map of Europe";https://www.reddit.com/r/Maps/comments/advqzs/pixelating_the_map_of_europe/
1546958654.0;1547048476.0;adutcu;True;False;t3_adutcu;10;False;/r/Maps/comments/adutcu/im_bob_aka_the_bo_in_hobodyer_equal_area/;70;Hello all, I'm¬†Bob Abramms, and I'm an equal area map evangelist. My business partner, Howard Bronstein, and I created the¬†[Hobo-Dyer Equal Area Projection Map](https://en.wikipedia.org/wiki/Hobo%E2%80%93Dyer_projection)¬†(Howard is the 'Ho', and I'm the 'Bo'. Mick Dyer was our cartographer in the UK).¬†We've been selling maps for 20+ years with ODTmaps. Our mission has been to use maps to teach people to see the world from a broader, more inclusive perspective.¬†[We're actually pretty close to how xkcd described us](https://xkcd.com/977/), especially in believing the world needs a revolution in consciousness!¬†Before we hand over the keys, w[e're giving away a bunch of our printed maps,](https://manywaystoseetheworld.org/collections/free-maps-and-more)¬†as well as many [free resources you can download](https://manywaystoseetheworld.org/collections/free-downloads).¬†The two of us are approaching 70 and ready to retire ... so¬†ODTmaps is for sale! We've had potential buyers, but none so far have shared our vision. We'd really love to find a group that shares our idea that maps can help expand our view of the world, and our place on it. If you know of any investors or entrepreneurs who are as excited about maps as we are, we would love to hear from you.¬†My young friend who got me to make this post also suggested we do an 'AMA' to talk about my interviewing Arno Peters (of the Peter Projection map) in Bremen Germany, and why & how we ended up creating the Hobo-Dyer map. Would any of you want to hear a retiring map publisher tell some old stories? Let me know‚Ä¶Thanks, Bob Abramms[https://manywaystoseetheworld.org¬†¬† ](https://manywaystoseetheworld.org/);False;"I'm Bob, aka the ""Bo"" in Hobo-Dyer Equal Area Projection Maps. We're giving away free maps and searching for someone to buy our company who loves maps as much as we do.";https://www.reddit.com/r/Maps/comments/adutcu/im_bob_aka_the_bo_in_hobodyer_equal_area/
1546867112.0;False;adhl3s;False;False;t3_adhl3s;4;False;/r/Maps/comments/adhl3s/heraldic_map_of_sweden_containing_all_images_of/;49;;False;Heraldic map of Sweden, containing all images of Swedish municipalities that use(d) arms. Zoom in to the different places. By clicking on the marker, you will see the link to the arms page.;https://i.redd.it/zrqa7wwj40921.jpg
1546830849.0;False;addeov;True;False;t3_addeov;9;False;/r/Maps/comments/addeov/laminated_map_of_russia/;3;" Hello! I'm looking for a laminated map of Russia similar to [https://www.amazon.com/National-Geographic-Classic-Laminated-Reference/dp/0792250303/ref=sr\_1\_2?s=books&ie=UTF8&qid=1546789311&sr=1-2&keywords=national+geographic+russia](https://www.amazon.com/National-Geographic-Classic-Laminated-Reference/dp/0792250303/ref=sr_1_2?s=books&ie=UTF8&qid=1546789311&sr=1-2&keywords=national+geographic+russia)this is ""fine"", but I wish it was a bit bigger, and I haven't been able to find anything of the like. I really like the style of National Geographic, and if the 30""x23"" is it, so be it. I'm looking for something around 42""x24"" or so.I did find [https://www.amazon.com/gp/product/B07FK4G2VK/ref=oh\_aui\_detailpage\_o02\_s00?ie=UTF8&psc=1](https://www.amazon.com/gp/product/B07FK4G2VK/ref=oh_aui_detailpage_o02_s00?ie=UTF8&psc=1) \- but it's in Russian.Any tips or suggestions would be appreciated!";False;Laminated map of Russia?;https://www.reddit.com/r/Maps/comments/addeov/laminated_map_of_russia/
1546816557.0;False;adb6n3;False;False;t3_adb6n3;7;False;/r/Maps/comments/adb6n3/dogs/;84;;False;Dogs!;https://i.redd.it/djd9xq0glt821.jpg
1546786435.0;False;ad670q;False;False;t3_ad670q;14;False;/r/Maps/comments/ad670q/i_made_a_vexillographical_map_of_europe/;44;;False;I made a vexillographical map of Europe;https://i.redd.it/k68a5e0pgt821.png
1546754727.0;False;ad30bp;True;False;t3_ad30bp;2;False;/r/Maps/comments/ad30bp/flat_surface_map_question/;4;So I just watched this video about why it is hard to map the globe on a flat surface and I'm confused.If I walked in an  straight line, creating a map as I went. Around the world and then, in every direction from the starting point around the world. Then couldn't I map a flat map in every direction? The slope is so gradual that I wouldn't perceive it, and so where and why would I have issues putting the map together in this way? Im missing something.;False;Flat surface map question;https://www.reddit.com/r/Maps/comments/ad30bp/flat_surface_map_question/
1546749837.0;False;ad2et8;True;False;t3_ad2et8;4;False;/r/Maps/comments/ad2et8/just_wondering_which_programs_you_use_to_create/;5;I see all sorts of amazing maps, whether they be vintage/part of history, but to those who create their own, I would love to get a few insights, such as which program(s) you use. I have a few cool ideas that I'd like to bring into life, so to speak. Any pointers would be appreciated! Thanks in advance!;False;Just wondering which programs you use to create such amazing maps?;https://www.reddit.com/r/Maps/comments/ad2et8/just_wondering_which_programs_you_use_to_create/
1546720135.0;False;acxw79;False;False;t3_acxw79;27;False;/r/Maps/comments/acxw79/my_friend_and_i_have_never_been_to_each_others/;64;;False;My friend and I have never been to each other‚Äôs countries, so we tried to label each other‚Äôs countries with zero reference and off the top of our heads. I had to do the USA. I think I did okay.;https://i.redd.it/i2uzr54kzn821.jpg
1546627296.0;False;acl5bx;False;False;t3_acl5bx;5;False;/r/Maps/comments/acl5bx/religion_of_every_eurasian_country_2000_years_ago/;12;;False;Religion of Every Eurasian Country 2,000 YEARS AGO!!;https://www.youtube.com/watch?v=de66mw3sbME
1546510520.0;1546513254.0;ac4etf;True;False;t3_ac4etf;9;False;/r/Maps/comments/ac4etf/guys_does_anybody_know_of_a_us_map_with/;15;Been searching around and only found one map with driving times to Louisville:https://www.gotolouisville.com/images/uploads/CMS/USA-States-Driving.jpgWould be nice to have a whole map of mainland USA with driving times between states and capital cities if possible, for example, Seattle to Columbus or Austin to Atlanta.Thanks Reddit!;False;Guys, does anybody know of a US map with travel/driving times between states/cities?;https://www.reddit.com/r/Maps/comments/ac4etf/guys_does_anybody_know_of_a_us_map_with/
1546441359.0;1546442729.0;abu4pw;True;False;t3_abu4pw;8;False;/r/Maps/comments/abu4pw/is_there_a_map_site_or_application_that_gives_you/;13;I know there are the sites you can a just get a radius in miles from a location but 60 miles away does not necessarily mean 1 hour etc. Especially with back roads and such, I know it would change based on traffic as well but does this exist?Edit: Sorry if it was unclear but I'm looking for a map that can tell me  anywhere I can go if my drive time is 1 hour.;False;Is there a map site or application that gives you time away from a location? Not just the miles;https://www.reddit.com/r/Maps/comments/abu4pw/is_there_a_map_site_or_application_that_gives_you/
1546383097.0;False;abmyxj;True;False;t3_abmyxj;3;False;/r/Maps/comments/abmyxj/countries_with_their_flag_on_mars/;2;"&#x200B;https://i.redd.it/izqef7455w721.jpg";False;Countries with their flag on Mars.;https://www.reddit.com/r/Maps/comments/abmyxj/countries_with_their_flag_on_mars/
1546375703.0;False;abltqx;False;False;t3_abltqx;3;False;/r/Maps/comments/abltqx/european_countries_that_have_a_lower_population/;32;;False;European countries that have a lower population than Belgium, Flanders and Wallonia;https://i.redd.it/chif54l0ww221.png
